W,V1,V2,V3,V4,V5,V6,V7,V8,V9,V10
341,0.001,0.001,0.001,0.001,0.001,0.001,0.001,0.001,0.001,0.001
341.5,0.001,0.001,0.001,0.001,0.001,0.001,0.001,0.001,0.001,0.001
342,0.001,0.001,0.001,0.001,0.001,0.001,0.001,0.001,0.001,0.001
342.5,0.001,0.001,0.001,0.001,0.001,0.001,0.001,0.001,0.001,0.001
343,0.001,0.001,0.001,0.001,0.001,0.001,0.001,0.001,0.001,0.001
343.5,0.001,0.001,0.001,0.001,0.001,0.001,0.001,0.001,0.001,0.001
344,0.001,0.001,0.001,0.001,0.001,0.001,0.001,0.001,0.001,0.001
344.5,0.001,0.001,0.001,0.001,0.001,0.001,0.001,0.001,0.001,0.001
345,0.001,0.001,0.001,0.001,0.001,0.001,0.001,0.001,0.001,0.001
345.5,0.001,0.001,0.001,0.001,0.001,0.001,0.001,0.001,0.001,0.001
346,0.001,0.001,0.001,0.001,0.001,0.001,0.001,0.001,0.001,0.001
346.5,21.527,20.349,24.633,12.317,19.118,14.673,8.6755,19.118,21.152,21.688
347,41.688,40.857,36.667,30.447,28.964,32.644,30.69,31.911,36.155,36.404
347.5,40.157,39.943,35.729,31.802,31.105,33.323,30.86,32.71,34.52,33.69
348,41.129,39.673,34.894,30.157,30.958,30.072,30.31,31.165,33.453,32.592
348.5,43.126,40.214,34.074,31.213,31.402,30.391,30.892,31.928,34.259,32.366
349,42.698,39.382,34.764,31.569,30.05,30.925,30.727,32.814,35.264,33.366
349.5,42.549,38.954,34.872,31.804,29.546,31.239,30.633,32.806,35.865,32.982
350,42.098,38.478,34.929,32.147,29.388,31.728,30.735,32.117,36.476,32.206
350.5,41.353,38.283,35.354,32.067,29.641,32.285,31.045,31.783,36.674,31.728
351,41.157,38.46,35.617,31.928,29.814,32.97,31.095,31.891,36.336,32.089
351.5,41.727,38.72,35.851,31.876,29.838,32.831,30.835,32.08,35.973,33.017
352,42.474,38.691,35.892,32.058,29.827,32.438,30.422,32.114,35.326,33.183
352.5,43.105,38.849,35.877,32.7,30.058,32.116,30.552,32.071,35.001,33.396
353,42.663,38.576,35.756,32.713,30.077,32.19,30.585,31.766,34.687,33.302
353.5,42.07,38.478,35.469,31.983,29.742,32.414,30.539,32.082,34.689,33.382
354,41.402,38.29,35.284,30.906,29.275,32.171,30.506,31.736,35.196,33.597
354.5,41.01,38.053,35.035,30.228,28.865,31.714,30.666,31.367,35.769,33.533
355,41.174,38.335,34.576,30.052,28.982,31.252,31.122,30.838,36.263,33.565
355.5,41.395,38.731,34.357,30.939,29.457,31.522,31.367,31.085,36.017,33.771
356,41.395,38.635,33.911,31.516,29.593,31.508,30.935,31.506,35.734,33.94
356.5,41.211,38.123,33.359,31.976,29.416,31.519,30.578,31.826,35.519,33.506
357,41.14,37.233,33.168,31.812,29.155,31.258,30.172,31.643,35.516,32.887
357.5,41.265,36.962,33.031,31.403,28.643,30.687,30.072,30.968,35.617,32.29
358,40.972,36.767,33.069,30.834,28.445,30.35,29.713,30.44,35.374,31.9
358.5,40.868,36.814,33.511,30.88,28.69,30.344,29.252,30.485,35.37,32.239
359,41.468,37.498,34.373,31.708,29.398,31.052,29.676,31.364,35.849,33.04
359.5,42.313,38.235,35.245,32.558,30.103,31.909,30.576,32.183,36.368,33.749
360,43.462,39.098,36.383,33.215,30.7,33.023,31.849,33.15,36.992,34.162
360.5,43.701,39.569,36.604,33.314,30.498,33.405,32.293,33.429,36.706,33.941
361,43.466,39.508,36.479,33.187,30.132,33.124,31.932,33.128,36.098,33.634
361.5,42.489,39.255,35.615,32.556,29.453,32.252,31.085,32.191,35.498,32.852
362,41.711,38.892,34.784,31.97,29.222,31.361,30.541,31.558,35.421,32.35
362.5,41.087,38.345,34.29,31.556,29.486,30.928,30.66,31.299,35.46,32.24
363,40.963,37.913,34.149,31.238,29.642,30.78,30.838,31.343,35.014,32.233
363.5,41.22,37.947,34.511,31.127,29.63,30.794,31.002,31.223,34.425,32.325
364,41.264,38.067,34.901,31.119,29.336,30.896,31.052,30.701,33.634,32.29
364.5,41.214,38.16,34.844,30.888,29.086,31.034,31.054,30.391,33.259,32.159
365,41.148,38.13,34.564,30.955,28.993,31.292,31.039,30.548,33.707,32.397
365.5,41.112,37.727,33.876,30.777,28.702,31.126,30.277,30.712,34.226,32.377
366,41.188,37.491,33.384,30.292,28.321,30.811,29.718,30.763,34.786,32.09
366.5,41.255,37.568,33.516,30.304,28.435,30.752,29.395,30.857,35.104,31.847
367,41.539,38.438,34.261,30.857,28.979,30.921,30.017,31.095,35.302,31.897
367.5,41.564,39.319,35.158,31.604,29.385,31.14,30.969,31.354,35.352,32.401
368,41.464,39.417,35.41,31.907,29.541,31.164,31.203,31.348,35.239,32.726
368.5,41.4,38.929,35.555,31.671,29.305,31.213,31.137,31.241,35.046,32.876
369,41.32,38.05,35.55,31.097,29.226,31.624,30.804,31.279,35.14,32.772
369.5,41.675,37.677,35.64,30.816,29.25,32.232,30.647,31.438,35.418,32.465
370,42.045,37.752,35.783,30.905,29.403,32.754,31.151,31.699,35.801,32.548
370.5,42.308,38.049,35.351,31.283,29.471,32.627,31.396,31.647,35.665,32.604
371,42.48,38.262,34.946,31.49,29.404,32.189,31.562,31.46,35.222,32.712
371.5,42.44,38.327,34.525,31.612,29.616,31.768,31.305,31.277,34.764,32.816
372,42.54,38.214,34.312,31.345,29.603,31.701,30.735,31.144,34.537,32.688
372.5,42.581,38.146,34.236,31.075,29.562,31.777,30.229,31.047,34.636,32.636
373,42.571,37.977,34.305,31.003,29.483,31.78,29.882,30.898,34.958,32.49
373.5,42.37,37.875,34.57,30.922,29.179,31.67,29.732,30.918,35.114,32.371
374,42.115,37.912,34.693,31.299,28.992,31.556,29.778,31.303,35.177,32.457
374.5,42.068,37.888,34.76,31.715,28.803,31.595,30.035,31.801,35.052,32.679
375,42.203,38.023,34.834,32.092,28.929,31.582,30.395,32.099,35.051,33.017
375.5,42.064,37.768,34.582,32.092,29.081,31.237,30.544,31.883,34.987,33.121
376,42.096,37.644,34.715,31.832,29.333,31.058,30.638,31.526,34.981,33.179
376.5,41.743,37.705,34.636,31.429,29.498,30.903,30.503,31.156,34.884,33.046
377,41.45,37.793,34.497,30.921,29.205,30.967,30.356,30.788,34.886,32.901
377.5,41.307,38.059,34.415,30.756,28.903,31.166,30.494,30.964,35.047,32.846
378,41.185,38.169,34.432,30.792,28.667,31.457,30.554,31.254,35.264,32.842
378.5,41.214,38.164,34.449,30.826,28.393,31.561,30.381,31.414,35.329,32.791
379,41.45,38.014,34.626,31.024,28.399,31.685,30.24,31.552,35.243,32.732
379.5,41.575,37.895,34.67,31.024,28.464,31.828,30.258,31.392,35.109,32.585
380,41.741,37.833,34.564,30.993,28.578,31.979,30.401,31.328,35.007,32.533
380.5,41.814,38.102,34.56,31.177,28.907,32.251,30.785,31.495,34.784,32.661
381,42.055,38.23,34.516,31.266,29.173,32.22,30.857,31.499,34.712,32.657
381.5,42.113,38.401,34.588,31.472,29.295,32.012,30.654,31.569,34.591,32.693
382,41.969,38.388,34.635,31.472,29.161,31.946,30.362,31.422,34.553,32.722
382.5,41.812,38.487,34.643,31.501,28.9,32.05,30.059,31.207,34.683,32.921
383,41.673,38.444,34.835,31.616,28.832,32.355,29.963,31.16,34.903,33.399
383.5,41.871,38.205,35.062,31.979,29.054,32.689,30.208,31.371,35.276,33.626
384,42.118,38.11,35.206,32.283,29.362,32.799,30.396,31.793,35.632,33.48
384.5,42.014,38.221,35.101,32.336,29.532,32.668,30.514,32.007,35.75,32.915
385,42.028,38.702,35.031,32.214,29.789,32.513,30.758,32.133,35.712,32.608
385.5,41.978,38.981,34.92,32.035,29.879,32.269,30.977,32.082,35.804,32.806
386,42.039,38.984,34.961,31.933,30.148,32.051,30.907,32.005,35.728,33.382
386.5,42.127,38.91,35.088,32.062,30.499,32.232,30.897,32.224,35.868,33.823
387,42.245,39.027,35.18,32.186,30.702,32.266,30.751,32.163,35.985,33.977
387.5,42.259,38.916,35.317,32.299,30.548,32.318,30.53,32.054,35.906,33.636
388,42.182,38.634,35.269,32.132,30.176,32.078,30.417,31.827,35.759,33.148
388.5,42.077,38.298,34.975,31.918,29.625,31.919,30.336,31.716,35.449,32.889
389,42.116,38.268,34.738,31.726,29.321,31.842,30.247,31.85,35.411,32.765
389.5,42.424,38.535,34.746,31.756,29.39,31.984,30.433,32.048,35.628,33.22
390,42.489,38.722,34.801,31.742,29.379,31.968,30.383,32.094,35.733,33.467
390.5,42.552,38.53,35.061,31.772,29.497,31.883,30.423,32.011,35.518,33.578
391,42.452,38.241,35.168,31.769,29.562,31.828,30.608,31.733,35.215,33.594
391.5,42.51,37.941,35.262,31.634,29.605,31.817,30.685,31.592,35.025,33.367
392,42.654,38.112,35.114,31.634,29.609,31.928,30.852,31.558,35.23,33.374
392.5,42.722,38.386,35.03,31.602,29.598,32.102,30.817,31.673,35.565,33.368
393,42.587,38.471,34.871,31.549,29.442,32.221,30.669,31.862,35.693,33.246
393.5,42.479,38.63,34.993,31.595,29.571,32.425,30.607,32.052,35.859,33.289
394,42.132,38.338,35.143,31.435,29.285,32.308,30.48,31.835,35.532,32.834
394.5,41.794,37.99,34.958,31.555,29.122,31.979,30.426,31.632,35.154,32.43
395,41.574,37.793,34.936,31.554,29.063,31.655,30.142,31.311,34.754,32.281
395.5,41.61,37.627,34.726,31.461,28.851,31.502,29.898,31.074,34.395,32.26
396,41.903,37.813,34.844,31.53,29.107,31.705,29.982,31.245,34.681,32.646
396.5,42.203,37.909,34.898,31.697,29.224,31.952,30.366,31.477,35.054,32.903
397,42.247,38.101,34.867,32.063,29.468,32.078,30.861,31.649,35.545,32.995
397.5,42.107,38.304,34.826,32.351,29.697,32.049,31.011,31.81,35.663,33.014
398,41.892,38.354,34.703,32.294,29.473,31.826,30.599,31.651,35.432,32.992
398.5,41.704,38.308,34.623,32.065,29.149,31.711,30.142,31.474,35.171,32.857
399,41.898,38.179,34.63,31.987,28.858,31.683,29.833,31.253,34.905,32.805
399.5,42.235,38.098,34.655,31.857,28.893,31.843,29.95,31.063,34.86,32.759
400,42.475,38.186,34.671,31.675,29.099,32.01,30.165,31.048,34.856,32.818
400.5,42.43,38.38,34.628,31.605,29.326,31.864,30.339,31.134,34.894,32.948
401,42.161,38.372,34.522,31.425,29.312,31.653,30.334,31.174,34.751,32.948
401.5,41.932,38.393,34.445,31.433,29.143,31.433,30.253,31.172,34.727,32.801
402,41.876,38.341,34.455,31.413,28.953,31.368,30.15,31.146,34.676,32.612
402.5,41.885,38.359,34.565,31.428,28.727,31.497,30.039,31.191,34.76,32.484
403,41.93,38.494,34.743,31.537,28.791,31.571,30.111,31.294,34.93,32.639
403.5,41.943,38.596,34.838,31.638,28.866,31.61,30.187,31.382,35.017,32.762
404,41.951,38.515,34.672,31.699,28.926,31.54,30.232,31.353,35.003,32.788
404.5,41.921,38.308,34.569,31.752,29.021,31.432,30.324,31.25,34.984,32.769
405,41.98,38.139,34.414,31.705,29.125,31.412,30.386,31.12,34.92,32.686
405.5,42.093,38.093,34.488,31.787,29.198,31.563,30.466,31.14,34.878,32.723
406,42.222,38.237,34.657,31.861,29.228,31.826,30.602,31.213,34.907,32.845
406.5,42.292,38.327,34.683,31.918,29.159,32.081,30.638,31.391,34.933,32.899
407,42.165,38.347,34.732,31.95,29.069,32.121,30.59,31.461,35.012,32.903
407.5,41.98,38.306,34.716,31.857,29.045,32.038,30.494,31.4,35.098,32.83
408,41.852,38.24,34.684,31.72,28.978,31.935,30.338,31.231,34.986,32.626
408.5,41.613,38.079,34.552,31.641,28.904,31.793,30.102,31.095,34.86,32.602
409,41.562,38.083,34.414,31.624,28.939,31.861,30.032,31.129,34.896,32.724
409.5,41.647,38.114,34.264,31.593,29.036,31.876,30.103,31.251,35.004,32.868
410,41.839,38.26,34.324,31.692,29.143,31.931,30.235,31.399,35.224,33.051
410.5,42.075,38.389,34.448,31.675,29.237,32.089,30.387,31.518,35.278,33.111
411,42.047,38.324,34.559,31.684,29.249,31.994,30.345,31.48,35.168,33.028
411.5,41.979,38.208,34.597,31.69,29.235,31.89,30.217,31.379,34.914,32.831
412,41.898,38.12,34.392,31.648,29.237,31.653,30.212,31.233,34.643,32.608
412.5,41.954,38.034,34.273,31.592,29.202,31.479,30.168,31.149,34.555,32.585
413,42.109,38.069,34.24,31.536,29.149,31.527,30.337,31.32,34.772,32.735
413.5,42.219,38.114,34.412,31.423,29.071,31.667,30.533,31.551,35.161,32.924
414,42.308,38.102,34.565,31.307,29.018,31.687,30.558,31.636,35.303,32.853
414.5,42.317,38.178,34.634,31.218,28.949,31.678,30.529,31.633,35.317,32.694
415,42.322,38.229,34.696,31.162,28.882,31.596,30.316,31.452,35.223,32.522
415.5,42.238,38.302,34.624,31.243,28.854,31.536,30.135,31.262,35.079,32.514
416,42.189,38.473,34.775,31.423,28.85,31.541,30.226,31.169,35.065,32.713
416.5,42.134,38.538,34.762,31.68,29.019,31.531,30.384,31.105,35.067,32.838
417,42.088,38.513,34.741,31.782,29.228,31.55,30.443,31.15,35.086,32.932
417.5,42.026,38.404,34.802,31.814,29.398,31.605,30.406,31.111,35.13,32.928
418,42.04,38.412,35.004,31.801,29.529,31.764,30.303,31.218,35.187,32.941
418.5,42.02,38.478,35.136,31.783,29.437,31.845,30.284,31.347,35.16,33.021
419,42.033,38.555,35.235,31.778,29.361,31.842,30.377,31.447,35.053,32.911
419.5,42.132,38.72,35.174,31.786,29.361,31.825,30.434,31.53,34.985,32.838
420,42.116,38.703,35.04,31.735,29.397,31.738,30.381,31.365,34.881,32.669
420.5,42.113,38.752,35.054,31.775,29.604,31.667,30.432,31.375,34.874,32.699
421,42.2,38.75,35.054,31.735,29.617,31.634,30.461,31.447,34.832,32.797
421.5,42.316,38.681,35.025,31.715,29.6,31.542,30.508,31.52,34.813,32.867
422,42.441,38.681,35.047,31.805,29.537,31.559,30.504,31.55,34.9,32.925
422.5,42.421,38.624,34.983,31.839,29.484,31.623,30.429,31.399,35.093,32.896
423,42.273,38.475,34.849,31.856,29.521,31.607,30.316,31.251,35.203,32.737
423.5,42.069,38.257,34.752,31.778,29.382,31.664,30.295,31.062,35.181,32.638
424,41.931,38.098,34.653,31.696,29.278,31.77,30.333,30.897,35.045,32.562
424.5,41.997,38.179,34.878,31.798,29.223,32.055,30.55,31.01,35.077,32.702
425,42.156,38.483,35.12,31.993,29.315,32.295,30.781,31.229,35.103,32.929
425.5,42.338,38.74,35.226,32.09,29.463,32.395,30.777,31.517,35.031,33.021
426,42.378,38.754,35.088,32.155,29.539,32.218,30.621,31.595,34.908,33.006
426.5,42.278,38.607,34.854,32.093,29.568,31.927,30.343,31.432,34.678,32.883
427,42.125,38.413,34.795,31.944,29.648,31.767,30.179,31.235,34.718,32.758
427.5,42.005,38.203,34.754,31.821,29.678,31.655,30.083,30.979,34.84,32.657
428,42.07,38.171,34.848,31.751,29.708,31.65,30.09,30.936,34.949,32.632
428.5,42.152,38.157,34.876,31.817,29.745,31.773,30.126,31.031,35.078,32.637
429,42.295,38.261,35.012,31.919,29.687,31.832,30.305,31.237,35.244,32.659
429.5,42.357,38.388,35.124,31.974,29.642,31.875,30.476,31.473,35.281,32.654
430,42.375,38.399,35.164,31.974,29.505,31.964,30.63,31.64,35.386,32.659
430.5,42.479,38.367,35.19,31.935,29.316,31.916,30.575,31.837,35.349,32.694
431,42.571,38.359,35.101,31.868,29.282,31.925,30.423,31.918,35.242,32.727
431.5,42.682,38.483,35.083,31.926,29.317,31.964,30.349,31.971,35.125,32.821
432,42.692,38.479,34.963,31.962,29.341,32.011,30.307,31.858,35.069,32.875
432.5,42.56,38.407,34.801,31.966,29.285,32.027,30.336,31.675,35.147,32.857
433,42.435,38.224,34.685,31.863,29.274,31.964,30.41,31.586,35.235,32.886
433.5,42.318,38.148,34.629,31.583,29.24,31.874,30.484,31.464,35.35,32.852
434,42.188,38.225,34.694,31.407,29.231,31.739,30.496,31.413,35.344,32.752
434.5,42.174,38.398,34.855,31.495,29.441,31.695,30.543,31.509,35.385,32.8
435,42.163,38.633,34.973,31.756,29.554,31.75,30.514,31.574,35.421,32.836
435.5,42.202,38.748,35.069,31.975,29.639,31.737,30.571,31.541,35.439,32.937
436,42.348,38.824,35.086,32.087,29.732,31.737,30.727,31.479,35.496,33.052
436.5,42.481,38.822,35.065,32.073,29.691,31.664,30.744,31.295,35.42,32.924
437,42.532,38.706,35.061,32.006,29.719,31.724,30.717,31.257,35.431,32.847
437.5,42.508,38.547,34.987,32.057,29.757,31.954,30.557,31.366,35.439,32.817
438,42.445,38.473,34.909,32.017,29.662,32.195,30.457,31.557,35.489,32.907
438.5,42.498,38.439,34.921,31.991,29.614,32.356,30.482,31.71,35.655,33.135
439,42.477,38.383,34.975,31.883,29.426,32.186,30.464,31.715,35.69,33.192
439.5,42.326,38.422,35.019,31.794,29.265,31.935,30.478,31.698,35.691,33.136
440,42.155,38.381,34.956,31.809,29.225,31.755,30.473,31.59,35.578,33.063
440.5,41.983,38.339,34.872,31.865,29.238,31.744,30.491,31.489,35.364,32.897
441,41.988,38.333,34.806,31.903,29.333,31.842,30.555,31.446,35.199,32.841
441.5,42.094,38.304,34.867,31.906,29.357,31.816,30.643,31.408,35.188,32.908
442,42.232,38.304,34.895,31.885,29.418,31.833,30.719,31.449,35.216,32.936
442.5,42.299,38.375,34.908,31.834,29.444,31.82,30.802,31.517,35.326,33.018
443,42.273,38.404,34.905,31.826,29.458,31.885,30.779,31.446,35.303,32.905
443.5,42.241,38.427,34.873,31.855,29.502,31.928,30.738,31.345,35.198,32.708
444,42.276,38.493,34.962,31.881,29.52,31.914,30.601,31.298,35.201,32.612
444.5,42.364,38.55,34.977,31.918,29.472,31.893,30.519,31.313,35.174,32.526
445,42.569,38.641,35.002,31.953,29.467,31.994,30.546,31.52,35.227,32.657
445.5,42.719,38.743,35.003,31.996,29.433,32.04,30.565,31.641,35.21,32.81
446,42.841,38.722,34.977,32.023,29.454,32.005,30.571,31.747,35.141,32.898
446.5,42.935,38.752,35.03,32.073,29.624,31.953,30.55,31.742,35.166,32.969
447,42.87,38.686,35.109,32.153,29.726,31.838,30.595,31.703,35.165,33.006
447.5,42.853,38.732,35.19,32.2,29.754,31.881,30.696,31.753,35.304,32.984
448,42.816,38.771,35.264,32.177,29.765,31.962,30.84,31.804,35.464,32.922
448.5,42.808,38.726,35.286,32.111,29.749,31.988,30.919,31.923,35.563,32.856
449,42.89,38.794,35.395,32.117,29.788,32.111,30.945,31.996,35.686,32.894
449.5,42.901,38.79,35.503,32.148,29.812,32.168,30.979,32.041,35.592,32.976
450,42.948,38.799,35.631,32.262,29.821,32.248,30.979,32.03,35.483,33.09
450.5,42.889,38.781,35.581,32.209,29.813,32.287,30.839,31.906,35.362,33.066
451,42.745,38.749,35.471,32.138,29.819,32.297,30.794,31.786,35.328,32.983
451.5,42.746,38.77,35.371,32.151,29.8,32.27,30.803,31.781,35.389,32.986
452,42.694,38.793,35.288,32.057,29.766,32.19,30.761,31.709,35.416,32.967
452.5,42.71,38.891,35.265,32.077,29.764,32.118,30.776,31.717,35.495,32.975
453,42.715,38.901,35.266,32.063,29.796,32.054,30.647,31.725,35.55,32.981
453.5,42.531,38.936,35.305,32,29.811,32.05,30.559,31.648,35.463,32.91
454,42.491,39.033,35.372,32.045,29.763,32.097,30.626,31.675,35.392,32.84
454.5,42.563,39.093,35.4,32.074,29.672,32.145,30.679,31.606,35.274,32.836
455,42.628,39.042,35.368,32.152,29.618,32.139,30.692,31.569,35.187,32.786
455.5,42.731,38.963,35.332,32.265,29.586,32.177,30.778,31.575,35.275,32.873
456,42.673,38.915,35.302,32.3,29.538,32.244,30.801,31.649,35.341,32.995
456.5,42.584,38.806,35.267,32.355,29.462,32.267,30.761,31.678,35.369,33.094
457,42.588,38.826,35.212,32.471,29.455,32.37,30.719,31.732,35.483,33.278
457.5,42.635,38.766,35.22,32.55,29.551,32.392,30.649,31.734,35.513,33.366
458,42.622,38.68,35.263,32.556,29.678,32.415,30.647,31.729,35.486,33.334
458.5,42.7,38.774,35.397,32.474,29.716,32.437,30.689,31.728,35.439,33.276
459,42.742,38.841,35.534,32.386,29.747,32.396,30.733,31.674,35.386,33.127
459.5,42.828,38.882,35.614,32.408,29.721,32.363,30.767,31.67,35.359,33.005
460,42.891,38.85,35.55,32.429,29.807,32.286,30.807,31.68,35.374,33
460.5,42.878,38.775,35.458,32.411,29.853,32.233,30.813,31.732,35.393,33.01
461,42.868,38.753,35.327,32.394,29.857,32.269,30.782,31.821,35.418,33.006
461.5,42.843,38.83,35.361,32.333,29.821,32.379,30.73,31.907,35.419,33.006
462,42.863,38.808,35.376,32.224,29.661,32.435,30.673,31.908,35.38,32.928
462.5,42.798,38.757,35.412,32.217,29.629,32.465,30.662,31.883,35.314,32.924
463,42.805,38.664,35.379,32.165,29.597,32.34,30.646,31.804,35.222,32.903
463.5,42.769,38.601,35.302,32.149,29.612,32.229,30.612,31.693,35.208,32.895
464,42.676,38.637,35.305,32.168,29.659,32.197,30.626,31.589,35.24,32.901
464.5,42.611,38.607,35.323,32.074,29.638,32.106,30.679,31.492,35.289,32.827
465,42.509,38.568,35.326,32.055,29.623,32.104,30.772,31.403,35.234,32.768
465.5,42.517,38.57,35.364,32.119,29.641,32.11,30.853,31.363,35.202,32.721
466,42.535,38.55,35.315,32.243,29.662,32.125,30.868,31.409,35.156,32.714
466.5,42.509,38.595,35.25,32.363,29.713,32.192,30.798,31.485,35.143,32.786
467,42.498,38.628,35.321,32.419,29.726,32.182,30.696,31.562,35.14,32.849
467.5,42.47,38.568,35.347,32.405,29.731,32.129,30.626,31.601,35.066,32.839
468,42.469,38.607,35.409,32.378,29.784,32.102,30.679,31.603,35.022,32.819
468.5,42.586,38.677,35.406,32.367,29.797,32.089,30.742,31.62,35.044,32.783
469,42.697,38.839,35.361,32.363,29.842,32.075,30.804,31.657,35.149,32.838
469.5,42.734,38.964,35.387,32.368,29.829,32.099,30.849,31.699,35.246,32.887
470,42.788,38.991,35.444,32.351,29.753,32.058,30.809,31.662,35.209,32.885
470.5,42.796,38.976,35.507,32.333,29.766,32.061,30.805,31.67,35.194,32.848
471,42.762,38.876,35.543,32.285,29.824,32.105,30.724,31.639,35.209,32.79
471.5,42.793,38.906,35.505,32.235,29.855,32.131,30.625,31.6,35.305,32.794
472,42.797,38.913,35.443,32.229,29.916,32.133,30.588,31.616,35.391,32.857
472.5,42.853,39.03,35.467,32.298,29.959,32.055,30.612,31.697,35.447,32.984
473,42.843,39.073,35.415,32.333,29.924,31.911,30.76,31.757,35.378,33.045
473.5,42.824,39.048,35.302,32.306,29.88,31.794,30.825,31.804,35.21,33.021
474,42.763,39.03,35.218,32.312,29.762,31.848,30.799,31.75,35.08,32.92
474.5,42.749,38.929,35.148,32.31,29.638,31.967,30.772,31.704,34.992,32.784
475,42.91,38.894,35.159,32.311,29.643,32.138,30.759,31.794,35.025,32.766
475.5,42.968,38.847,35.245,32.249,29.659,32.202,30.754,31.814,35.072,32.718
476,42.983,38.85,35.347,32.181,29.718,32.239,30.747,31.827,35.123,32.712
476.5,42.957,38.89,35.34,32.137,29.747,32.167,30.737,31.753,35.128,32.768
477,42.795,38.861,35.374,32.148,29.701,32.078,30.685,31.639,35.087,32.78
477.5,42.665,38.853,35.363,32.144,29.68,32.004,30.66,31.609,35.111,32.844
478,42.595,38.867,35.297,32.105,29.715,31.974,30.649,31.571,35.12,32.839
478.5,42.562,38.957,35.29,32.077,29.83,32.044,30.628,31.645,35.175,32.855
479,42.571,39.06,35.264,32.104,29.932,32.078,30.624,31.671,35.2,32.844
479.5,42.714,39.071,35.312,32.171,29.975,32.156,30.677,31.666,35.196,32.9
480,42.834,38.956,35.395,32.214,29.958,32.165,30.653,31.706,35.164,32.93
480.5,42.966,38.851,35.47,32.331,29.906,32.211,30.596,31.664,35.163,32.972
481,43.077,38.777,35.464,32.394,29.888,32.248,30.571,31.682,35.191,32.96
481.5,43.071,38.75,35.468,32.424,29.908,32.179,30.502,31.672,35.238,32.901
482,43.025,38.794,35.498,32.461,29.91,32.193,30.544,31.632,35.315,32.898
482.5,42.958,38.881,35.545,32.383,29.988,32.179,30.675,31.611,35.299,32.883
483,42.96,38.969,35.585,32.316,30.065,32.21,30.782,31.581,35.243,32.925
483.5,42.992,39.036,35.588,32.32,30.112,32.297,30.918,31.572,35.223,32.97
484,42.953,39.013,35.574,32.318,30.115,32.22,30.863,31.553,35.203,32.926
484.5,42.964,38.985,35.532,32.396,30.091,32.176,30.792,31.52,35.243,32.885
485,42.898,38.916,35.472,32.419,30.04,32.081,30.661,31.488,35.231,32.797
485.5,42.81,38.839,35.388,32.349,30.01,31.964,30.555,31.487,35.106,32.745
486,42.811,38.759,35.375,32.26,29.97,31.943,30.515,31.491,34.986,32.753
486.5,42.851,38.746,35.471,32.226,29.907,31.98,30.558,31.585,34.925,32.838
487,42.981,38.774,35.609,32.29,29.868,32.085,30.627,31.684,34.949,32.931
487.5,43.009,38.839,35.665,32.355,29.808,32.176,30.717,31.731,35.004,32.966
488,42.989,38.913,35.661,32.464,29.773,32.264,30.775,31.8,35.041,32.95
488.5,42.921,38.925,35.651,32.488,29.815,32.276,30.785,31.811,35.096,32.851
489,42.864,38.944,35.629,32.494,29.861,32.263,30.784,31.789,35.103,32.784
489.5,42.88,38.97,35.604,32.478,29.938,32.236,30.753,31.794,35.083,32.739
490,42.89,39,35.509,32.411,30,32.228,30.662,31.741,35.033,32.704
490.5,42.892,39.01,35.423,32.333,29.998,32.23,30.599,31.679,34.948,32.737
491,42.976,38.983,35.432,32.303,30.048,32.247,30.555,31.672,34.898,32.764
491.5,43.084,38.907,35.485,32.27,30.077,32.267,30.528,31.647,34.864,32.788
492,43.184,38.86,35.573,32.281,30.073,32.264,30.532,31.648,34.817,32.806
492.5,43.23,38.906,35.599,32.31,30.098,32.265,30.518,31.645,34.785,32.786
493,43.244,39.043,35.587,32.38,30.099,32.323,30.536,31.606,34.816,32.81
493.5,43.198,39.157,35.519,32.414,30.117,32.349,30.582,31.575,34.873,32.843
494,43.189,39.142,35.459,32.4,30.147,32.383,30.653,31.601,34.989,32.882
494.5,43.265,39.114,35.467,32.439,30.129,32.402,30.736,31.655,35.109,32.92
495,43.333,39.052,35.531,32.471,30.147,32.359,30.78,31.707,35.193,32.922
495.5,43.306,39.014,35.6,32.515,30.146,32.314,30.787,31.68,35.221,32.899
496,43.237,39.088,35.644,32.553,30.151,32.264,30.782,31.631,35.196,32.889
496.5,43.109,39.129,35.612,32.474,30.153,32.239,30.734,31.614,35.118,32.904
497,43.067,39.147,35.6,32.45,30.113,32.279,30.765,31.663,35.117,32.951
497.5,43.085,39.179,35.608,32.48,30.099,32.306,30.791,31.742,35.149,32.947
498,43.07,39.156,35.643,32.514,30.14,32.285,30.777,31.764,35.186,32.932
498.5,43.137,39.209,35.695,32.602,30.19,32.256,30.769,31.769,35.207,32.934
499,43.213,39.277,35.744,32.609,30.209,32.234,30.746,31.736,35.139,32.939
499.5,43.219,39.287,35.776,32.568,30.147,32.211,30.737,31.697,35.037,32.941
500,43.244,39.297,35.747,32.563,30.074,32.233,30.741,31.662,34.99,32.913
500.5,43.238,39.244,35.694,32.533,30.04,32.195,30.723,31.611,34.945,32.836
501,43.194,39.207,35.675,32.533,30.053,32.134,30.691,31.636,34.908,32.792
501.5,43.225,39.153,35.648,32.514,30.118,32.134,30.7,31.628,34.92,32.803
502,43.238,39.113,35.682,32.504,30.129,32.142,30.744,31.61,34.913,32.827
502.5,43.212,39.101,35.707,32.53,30.138,32.19,30.773,31.625,34.888,32.867
503,43.235,39.119,35.713,32.543,30.183,32.243,30.714,31.658,34.877,32.862
503.5,43.271,39.189,35.773,32.574,30.223,32.32,30.625,31.729,34.846,32.866
504,43.333,39.261,35.821,32.597,30.313,32.393,30.574,31.845,34.856,32.891
504.5,43.394,39.315,35.869,32.59,30.339,32.46,30.551,31.858,34.907,32.907
505,43.441,39.329,35.875,32.61,30.331,32.433,30.586,31.818,34.969,32.929
505.5,43.432,39.268,35.866,32.599,30.316,32.332,30.609,31.748,35.045,32.911
506,43.364,39.202,35.861,32.542,30.279,32.243,30.625,31.682,35.082,32.873
506.5,43.345,39.121,35.84,32.563,30.259,32.175,30.69,31.645,35.07,32.832
507,43.358,39.094,35.86,32.59,30.3,32.219,30.749,31.638,35.063,32.807
507.5,43.381,39.128,35.816,32.65,30.288,32.267,30.81,31.652,35.051,32.813
508,43.435,39.2,35.772,32.712,30.288,32.324,30.858,31.681,35.111,32.831
508.5,43.436,39.297,35.788,32.743,30.313,32.396,30.897,31.73,35.178,32.889
509,43.404,39.353,35.833,32.734,30.301,32.377,30.915,31.773,35.162,32.903
509.5,43.425,39.418,35.922,32.73,30.326,32.385,30.937,31.819,35.154,32.919
510,43.419,39.419,36.005,32.737,30.358,32.42,30.933,31.847,35.108,32.928
510.5,43.451,39.42,36.049,32.76,30.375,32.45,30.931,31.848,35.128,33.009
511,43.48,39.425,36.074,32.815,30.414,32.524,30.974,31.877,35.173,33.128
511.5,43.458,39.435,36.106,32.872,30.466,32.557,31.002,31.897,35.173,33.201
512,43.457,39.524,36.147,32.903,30.487,32.546,31.031,31.944,35.161,33.244
512.5,43.459,39.598,36.137,32.918,30.493,32.52,31.022,31.971,35.106,33.186
513,43.503,39.582,36.139,32.938,30.506,32.506,30.99,31.954,35.096,33.107
513.5,43.532,39.503,36.074,32.9,30.507,32.458,30.962,31.956,35.089,33.037
514,43.552,39.434,36.001,32.862,30.492,32.4,30.951,31.948,35.089,32.972
514.5,43.552,39.388,35.908,32.806,30.43,32.374,30.904,31.934,35.09,32.918
515,43.543,39.379,35.861,32.713,30.385,32.374,30.799,31.883,35.081,32.877
515.5,43.554,39.362,35.879,32.635,30.381,32.416,30.692,31.817,35.097,32.873
516,43.505,39.318,35.934,32.58,30.405,32.421,30.598,31.801,35.074,32.906
516.5,43.398,39.274,36.055,32.532,30.42,32.39,30.574,31.805,35.038,32.939
517,43.305,39.235,36.076,32.506,30.408,32.355,30.642,31.831,34.976,32.955
517.5,43.274,39.216,36.052,32.544,30.381,32.357,30.737,31.848,34.915,32.957
518,43.316,39.203,36,32.565,30.367,32.421,30.81,31.84,34.871,32.934
518.5,43.366,39.26,35.915,32.613,30.399,32.489,30.864,31.867,34.859,32.934
519,43.388,39.336,35.894,32.672,30.424,32.518,30.874,31.879,34.883,32.957
519.5,43.427,39.402,35.918,32.687,30.466,32.479,30.862,31.841,34.931,32.92
520,43.505,39.45,35.93,32.713,30.5,32.43,30.842,31.804,35,32.897
520.5,43.559,39.407,35.959,32.74,30.482,32.4,30.791,31.794,35.019,32.868
521,43.624,39.41,36.004,32.833,30.53,32.459,30.773,31.859,35.016,32.931
521.5,43.599,39.455,36.064,32.905,30.55,32.536,30.786,31.936,34.998,32.991
522,43.543,39.5,36.139,32.961,30.583,32.619,30.853,32.012,35.034,33.044
522.5,43.506,39.577,36.172,32.978,30.623,32.597,30.927,32.025,35.07,33.06
523,43.492,39.601,36.179,32.963,30.596,32.532,30.944,32.007,35.063,33.006
523.5,43.552,39.536,36.123,32.906,30.561,32.452,30.911,31.96,35.048,32.968
524,43.66,39.481,36.089,32.89,30.569,32.433,30.903,31.933,35.026,32.951
524.5,43.708,39.469,36.076,32.912,30.552,32.458,30.941,31.901,35.019,32.974
525,43.697,39.478,36.086,32.904,30.522,32.493,30.987,31.884,35.04,33.01
525.5,43.599,39.535,36.104,32.859,30.498,32.485,30.998,31.879,35.081,33.025
526,43.524,39.545,36.128,32.795,30.443,32.423,30.97,31.852,35.054,33.076
526.5,43.544,39.461,36.086,32.685,30.404,32.379,30.894,31.806,34.997,33.082
527,43.563,39.381,35.954,32.604,30.393,32.366,30.814,31.734,34.928,33.035
527.5,43.567,39.318,35.885,32.615,30.419,32.372,30.772,31.693,34.786,33.003
528,43.581,39.332,35.885,32.663,30.494,32.422,30.78,31.707,34.76,32.982
528.5,43.595,39.335,35.996,32.755,30.583,32.411,30.813,31.778,34.748,33.001
529,43.61,39.316,36.095,32.834,30.611,32.385,30.845,31.826,34.743,33.029
529.5,43.66,39.382,36.121,32.895,30.605,32.391,30.848,31.87,34.792,33.054
530,43.63,39.422,36.098,32.896,30.555,32.381,30.781,31.913,34.774,33.031
530.5,43.587,39.507,36.031,32.851,30.525,32.4,30.764,31.902,34.785,33.004
531,43.594,39.576,36.023,32.825,30.602,32.443,30.808,31.899,34.808,33.033
531.5,43.612,39.579,36.025,32.799,30.693,32.505,30.866,31.89,34.832,33.025
532,43.688,39.602,36.004,32.802,30.753,32.546,30.95,31.878,34.876,33.012
532.5,43.718,39.595,36.026,32.811,30.771,32.585,30.958,31.909,34.884,32.961
533,43.686,39.572,36.009,32.786,30.712,32.56,30.905,31.926,34.824,32.831
533.5,43.629,39.551,35.991,32.772,30.606,32.501,30.813,31.893,34.78,32.754
534,43.513,39.513,35.985,32.76,30.559,32.459,30.742,31.852,34.718,32.713
534.5,43.508,39.537,36,32.797,30.534,32.486,30.725,31.845,34.699,32.726
535,43.578,39.593,36.096,32.864,30.555,32.572,30.765,31.921,34.753,32.795
535.5,43.619,39.588,36.181,32.88,30.606,32.616,30.813,31.981,34.733,32.838
536,43.648,39.603,36.252,32.9,30.643,32.609,30.816,31.99,34.746,32.877
536.5,43.603,39.561,36.27,32.876,30.658,32.526,30.831,31.965,34.796,32.939
537,43.525,39.513,36.231,32.84,30.641,32.435,30.844,31.876,34.818,32.947
537.5,43.532,39.529,36.217,32.84,30.632,32.406,30.912,31.864,34.894,32.94
538,43.598,39.566,36.23,32.884,30.644,32.406,30.996,31.884,34.935,32.97
538.5,43.642,39.634,36.236,32.891,30.677,32.445,31.017,31.871,34.944,32.979
539,43.628,39.673,36.219,32.91,30.695,32.483,30.952,31.872,34.936,32.982
539.5,43.575,39.628,36.176,32.935,30.685,32.516,30.803,31.83,34.875,32.91
540,43.509,39.598,36.136,32.957,30.681,32.54,30.725,31.843,34.846,32.767
540.5,43.48,39.598,36.146,33.031,30.665,32.565,30.736,31.866,34.834,32.715
541,43.478,39.586,36.18,33.043,30.649,32.543,30.8,31.896,34.832,32.71
541.5,43.547,39.645,36.194,33.049,30.649,32.497,30.86,31.89,34.839,32.773
542,43.579,39.657,36.183,33.064,30.641,32.498,30.854,31.822,34.808,32.828
542.5,43.606,39.612,36.172,33.05,30.612,32.435,30.784,31.781,34.748,32.783
543,43.623,39.59,36.161,32.995,30.596,32.432,30.737,31.754,34.707,32.713
543.5,43.617,39.549,36.143,32.949,30.576,32.426,30.723,31.769,34.709,32.682
544,43.658,39.494,36.113,32.902,30.598,32.441,30.746,31.802,34.728,32.664
544.5,43.704,39.502,36.129,32.903,30.647,32.498,30.779,31.8,34.716,32.691
545,43.759,39.533,36.188,32.953,30.711,32.529,30.847,31.822,34.686,32.805
545.5,43.744,39.579,36.259,32.947,30.769,32.535,30.875,31.855,34.652,32.889
546,43.745,39.634,36.373,32.927,30.781,32.519,30.881,31.897,34.693,32.977
546.5,43.773,39.676,36.442,32.916,30.779,32.532,30.895,31.908,34.804,33.036
547,43.741,39.705,36.475,32.883,30.75,32.569,30.867,31.903,34.864,33.002
547.5,43.705,39.703,36.47,32.857,30.697,32.63,30.831,31.862,34.846,32.921
548,43.672,39.652,36.392,32.808,30.694,32.649,30.793,31.886,34.771,32.827
548.5,43.697,39.591,36.304,32.796,30.745,32.654,30.776,31.969,34.711,32.778
549,43.796,39.592,36.218,32.891,30.802,32.67,30.805,32.034,34.708,32.764
549.5,43.916,39.593,36.148,33.033,30.853,32.671,30.82,32.099,34.723,32.816
550,43.976,39.632,36.133,33.175,30.861,32.681,30.846,32.118,34.741,32.881
550.5,43.967,39.662,36.155,33.239,30.848,32.639,30.841,32.074,34.752,32.902
551,43.835,39.606,36.165,33.169,30.798,32.582,30.786,31.986,34.745,32.929
551.5,43.728,39.609,36.207,33.081,30.781,32.55,30.789,31.899,34.737,32.929
552,43.662,39.651,36.24,33.007,30.847,32.544,30.821,31.864,34.738,32.954
552.5,43.681,39.708,36.255,32.962,30.913,32.594,30.876,31.898,34.74,32.972
553,43.748,39.748,36.288,32.971,30.97,32.625,30.877,31.951,34.704,32.931
553.5,43.749,39.751,36.298,32.971,30.997,32.623,30.85,31.975,34.657,32.883
554,43.725,39.692,36.329,33.012,30.928,32.587,30.819,31.917,34.653,32.824
554.5,43.706,39.665,36.378,33.09,30.896,32.548,30.819,31.881,34.672,32.803
555,43.747,39.689,36.476,33.196,30.921,32.507,30.907,31.892,34.732,32.853
555.5,43.786,39.745,36.552,33.291,30.988,32.5,30.966,31.93,34.827,32.936
556,43.833,39.773,36.568,33.361,31.084,32.517,31.003,31.992,34.863,33.052
556.5,43.857,39.757,36.543,33.366,31.146,32.559,30.99,32.027,34.846,33.134
557,43.866,39.748,36.497,33.351,31.207,32.634,30.948,32.048,34.828,33.151
557.5,43.855,39.75,36.483,33.312,31.202,32.726,30.937,32.063,34.797,33.102
558,43.859,39.858,36.516,33.302,31.196,32.784,30.971,32.065,34.796,33.045
558.5,43.865,39.998,36.596,33.349,31.247,32.875,31.044,32.096,34.875,33.018
559,43.889,40.069,36.697,33.351,31.295,32.926,31.072,32.127,34.962,33.001
559.5,44.001,40.156,36.787,33.388,31.363,32.949,31.094,32.177,34.998,33.041
560,44.077,40.237,36.875,33.45,31.447,33.02,31.106,32.3,35.003,33.067
560.5,44.129,40.312,36.931,33.513,31.447,33.053,31.159,32.422,34.983,33.113
561,44.215,40.391,36.955,33.622,31.442,33.119,31.246,32.537,34.986,33.22
561.5,44.23,40.381,37.003,33.711,31.414,33.18,31.324,32.572,35.015,33.276
562,44.241,40.315,37.029,33.708,31.348,33.16,31.368,32.509,35.048,33.305
562.5,44.289,40.279,37.049,33.721,31.347,33.137,31.355,32.463,35.123,33.332
563,44.352,40.32,37.098,33.756,31.367,33.139,31.395,32.475,35.204,33.349
563.5,44.428,40.374,37.104,33.795,31.42,33.136,31.416,32.575,35.265,33.375
564,44.575,40.444,37.185,33.929,31.514,33.206,31.47,32.698,35.391,33.434
564.5,44.699,40.494,37.287,33.992,31.561,33.242,31.536,32.797,35.483,33.494
565,44.724,40.538,37.36,34.012,31.585,33.246,31.555,32.83,35.505,33.515
565.5,44.742,40.642,37.453,34.035,31.63,33.317,31.597,32.87,35.527,33.562
566,44.766,40.741,37.515,34.051,31.733,33.41,31.634,32.881,35.482,33.644
566.5,44.853,40.865,37.546,34.152,31.889,33.552,31.684,32.891,35.467,33.75
567,44.991,41.015,37.586,34.247,32.109,33.733,31.766,32.927,35.524,33.874
567.5,45.143,41.143,37.665,34.325,32.318,33.824,31.854,32.997,35.618,33.996
568,45.259,41.304,37.779,34.431,32.452,33.895,31.945,33.102,35.724,34.128
568.5,45.356,41.438,37.971,34.558,32.584,33.945,32.045,33.24,35.817,34.201
569,45.422,41.522,38.168,34.751,32.672,33.983,32.111,33.369,35.929,34.28
569.5,45.505,41.645,38.352,34.972,32.798,34.061,32.204,33.461,36.041,34.332
570,45.593,41.752,38.451,35.117,32.942,34.132,32.264,33.512,36.093,34.311
570.5,45.701,41.884,38.536,35.276,33.095,34.198,32.342,33.554,36.152,34.385
571,45.918,42.137,38.727,35.476,33.287,34.307,32.475,33.724,36.254,34.524
571.5,46.12,42.388,38.945,35.676,33.459,34.462,32.662,33.959,36.427,34.758
572,46.3,42.645,39.217,35.857,33.633,34.674,32.91,34.199,36.667,35.051
572.5,46.511,42.788,39.485,35.975,33.777,34.879,33.166,34.384,36.878,35.267
573,46.657,42.798,39.671,36.053,33.877,35.074,33.342,34.45,37.041,35.422
573.5,46.797,42.839,39.901,36.192,34.022,35.223,33.431,34.48,37.151,35.498
574,46.949,42.97,40.117,36.38,34.261,35.373,33.526,34.601,37.285,35.586
574.5,47.042,43.215,40.288,36.583,34.521,35.532,33.6,34.767,37.451,35.726
575,47.123,43.502,40.439,36.816,34.778,35.686,33.693,34.972,37.645,35.921
575.5,47.252,43.735,40.602,37.006,34.939,35.825,33.791,35.186,37.761,36.157
576,47.446,43.957,40.771,37.236,35.08,35.981,33.956,35.351,37.888,36.384
576.5,47.712,44.188,41.049,37.46,35.262,36.153,34.141,35.528,38.053,36.614
577,48.076,44.464,41.339,37.677,35.458,36.298,34.368,35.727,38.251,36.832
577.5,48.402,44.769,41.606,37.944,35.699,36.459,34.589,35.922,38.555,36.97
578,48.601,45.051,41.924,38.203,35.841,36.612,34.732,36.116,38.772,37.07
578.5,48.793,45.344,42.175,38.525,35.998,36.813,34.894,36.327,38.939,37.194
579,48.937,45.631,42.468,38.827,36.257,37.073,35.126,36.499,39.051,37.351
579.5,49.157,45.924,42.785,39.125,36.568,37.384,35.408,36.748,39.193,37.617
580,49.413,46.182,43.09,39.372,36.956,37.633,35.641,37.046,39.375,37.889
580.5,49.631,46.441,43.43,39.623,37.32,37.851,35.908,37.368,39.587,38.105
581,49.844,46.707,43.744,39.829,37.564,38.031,36.096,37.739,39.84,38.304
581.5,49.994,47,43.998,40.099,37.811,38.179,36.246,38.012,40.016,38.476
582,50.173,47.261,44.271,40.456,38.058,38.387,36.463,38.229,40.192,38.668
582.5,50.377,47.49,44.53,40.766,38.303,38.593,36.629,38.339,40.365,38.902
583,50.635,47.71,44.767,41.115,38.56,38.789,36.831,38.455,40.536,39.125
583.5,50.919,47.945,45.071,41.381,38.783,38.973,37.029,38.585,40.783,39.334
584,51.212,48.246,45.348,41.612,38.957,39.173,37.219,38.75,41.058,39.502
584.5,51.446,48.536,45.584,41.89,39.153,39.382,37.395,38.949,41.319,39.709
585,51.67,48.83,45.869,42.198,39.455,39.646,37.588,39.141,41.601,39.978
585.5,51.91,49.057,46.169,42.497,39.782,39.911,37.807,39.379,41.877,40.273
586,52.159,49.317,46.546,42.774,40.181,40.127,38.04,39.661,42.173,40.625
586.5,52.463,49.65,46.939,43.062,40.588,40.36,38.333,39.951,42.459,40.93
587,52.661,49.958,47.287,43.302,40.891,40.58,38.623,40.224,42.707,41.175
587.5,52.835,50.278,47.573,43.55,41.109,40.798,38.892,40.482,42.908,41.364
588,53.04,50.577,47.809,43.804,41.262,41.061,39.136,40.721,43.087,41.534
588.5,53.19,50.821,48.045,44.015,41.448,41.329,39.298,40.961,43.269,41.668
589,53.402,51.056,48.301,44.274,41.701,41.55,39.426,41.131,43.401,41.83
589.5,53.618,51.351,48.569,44.524,42.037,41.759,39.57,41.25,43.527,42.093
590,53.826,51.621,48.846,44.857,42.403,41.867,39.745,41.376,43.625,42.346
590.5,54.065,51.925,49.156,45.237,42.714,41.965,39.966,41.543,43.751,42.558
591,54.29,52.259,49.451,45.604,42.969,42.145,40.17,41.814,43.97,42.768
591.5,54.482,52.547,49.726,45.948,43.221,42.339,40.406,42.134,44.253,42.914
592,54.639,52.785,49.954,46.168,43.44,42.572,40.62,42.377,44.521,43.097
592.5,54.81,52.973,50.175,46.36,43.637,42.756,40.783,42.594,44.726,43.297
593,54.957,53.159,50.461,46.548,43.857,42.92,40.936,42.787,44.904,43.486
593.5,55.105,53.386,50.801,46.757,44.105,43.13,41.083,42.952,45.032,43.686
594,55.255,53.649,51.198,47.014,44.338,43.361,41.229,43.17,45.175,43.831
594.5,55.415,53.894,51.545,47.284,44.584,43.619,41.395,43.352,45.329,44.024
595,55.542,54.061,51.727,47.506,44.798,43.785,41.552,43.478,45.441,44.174
595.5,55.677,54.241,51.833,47.741,45.041,43.919,41.73,43.644,45.618,44.31
596,55.77,54.485,51.936,47.962,45.312,44.096,41.964,43.821,45.79,44.488
596.5,55.834,54.659,52.061,48.129,45.479,44.194,42.128,43.982,45.888,44.59
597,56.02,54.813,52.208,48.358,45.622,44.297,42.264,44.119,45.99,44.746
597.5,56.237,54.963,52.362,48.567,45.787,44.431,42.353,44.205,46.086,44.903
598,56.476,55.097,52.538,48.783,45.945,44.567,42.41,44.285,46.219,45.016
598.5,56.685,55.362,52.751,49.026,46.197,44.764,42.613,44.428,46.488,45.209
599,56.886,55.73,53.066,49.321,46.523,44.995,42.903,44.725,46.792,45.41
599.5,57.048,55.982,53.379,49.595,46.743,45.157,43.174,44.978,46.983,45.595
600,57.213,56.206,53.595,49.851,46.901,45.331,43.403,45.15,47.156,45.755
600.5,57.422,56.381,53.798,50.111,47.01,45.557,43.493,45.331,47.269,45.921
601,57.577,56.523,53.968,50.328,47.134,45.736,43.505,45.393,47.331,46.028
601.5,57.686,56.684,54.123,50.502,47.263,45.83,43.489,45.439,47.434,46.103
602,57.774,56.786,54.253,50.639,47.407,45.803,43.451,45.559,47.514,46.204
602.5,57.794,56.896,54.378,50.77,47.513,45.801,43.51,45.654,47.593,46.285
603,57.798,57.019,54.517,50.846,47.577,45.817,43.634,45.76,47.711,46.414
603.5,57.857,57.15,54.653,50.895,47.656,45.942,43.767,45.885,47.823,46.597
604,57.909,57.34,54.835,51.013,47.823,46.126,43.944,46.011,47.911,46.777
604.5,57.989,57.546,55.072,51.181,48.045,46.246,44.066,46.132,48.059,46.875
605,58.121,57.724,55.293,51.419,48.235,46.43,44.158,46.262,48.193,46.989
605.5,58.224,57.828,55.495,51.678,48.421,46.541,44.224,46.4,48.208,47.065
606,58.407,57.947,55.739,51.811,48.609,46.614,44.258,46.546,48.279,47.144
606.5,58.517,58.045,55.911,51.838,48.737,46.652,44.34,46.645,48.325,47.25
607,58.594,58.175,56.045,51.865,48.874,46.695,44.467,46.749,48.454,47.317
607.5,58.728,58.39,56.235,51.958,48.971,46.819,44.623,46.85,48.69,47.395
608,58.801,58.532,56.291,52.093,49.019,46.95,44.743,46.906,48.847,47.43
608.5,58.999,58.677,56.354,52.313,49.098,47.141,44.839,47.018,48.973,47.496
609,59.115,58.747,56.458,52.535,49.176,47.318,44.959,47.089,49.016,47.575
609.5,59.134,58.814,56.518,52.68,49.289,47.45,45.07,47.187,49.058,47.669
610,59.205,58.895,56.626,52.822,49.42,47.526,45.208,47.328,49.096,47.764
610.5,59.236,59.037,56.763,52.87,49.578,47.615,45.353,47.464,49.135,47.862
611,59.278,59.209,56.82,52.874,49.745,47.655,45.423,47.584,49.214,47.9
611.5,59.349,59.278,56.874,52.934,49.834,47.665,45.471,47.653,49.272,47.977
612,59.321,59.325,56.881,53.007,49.854,47.746,45.497,47.674,49.358,48.086
612.5,59.286,59.297,56.885,53.142,49.845,47.789,45.459,47.696,49.424,48.179
613,59.286,59.243,56.929,53.299,49.84,47.793,45.393,47.749,49.464,48.302
613.5,59.278,59.225,57.009,53.413,49.911,47.778,45.398,47.79,49.486,48.376
614,59.389,59.304,57.199,53.534,50.053,47.858,45.498,47.866,49.524,48.453
614.5,59.53,59.417,57.338,53.571,50.197,47.935,45.618,47.88,49.549,48.506
615,59.669,59.573,57.462,53.622,50.332,48.08,45.778,47.917,49.569,48.56
615.5,59.845,59.782,57.623,53.713,50.505,48.277,45.948,48.055,49.689,48.697
616,59.94,59.886,57.783,53.831,50.666,48.379,46.055,48.152,49.787,48.797
616.5,60,59.922,57.935,53.951,50.76,48.462,46.11,48.194,49.834,48.83
617,60.03,59.942,58.055,54.002,50.83,48.471,46.129,48.231,49.85,48.858
617.5,60.047,60.013,58.138,54.051,50.853,48.467,46.143,48.232,49.832,48.847
618,60.082,60.176,58.2,54.101,50.926,48.524,46.211,48.351,49.866,48.934
618.5,60.101,60.384,58.301,54.213,51.057,48.581,46.281,48.608,49.971,49.064
619,60.173,60.54,58.403,54.436,51.163,48.699,46.346,48.811,50.108,49.161
619.5,60.247,60.589,58.513,54.652,51.266,48.822,46.411,48.901,50.188,49.232
620,60.28,60.56,58.578,54.78,51.332,48.867,46.466,48.886,50.182,49.225
620.5,60.335,60.602,58.615,54.853,51.412,48.941,46.591,48.87,50.188,49.226
621,60.406,60.759,58.702,54.877,51.527,49.039,46.721,48.853,50.197,49.246
621.5,60.485,60.937,58.726,54.936,51.604,49.148,46.832,48.885,50.264,49.275
622,60.501,61.028,58.696,54.923,51.564,49.155,46.829,48.911,50.332,49.243
622.5,60.485,61.021,58.709,54.862,51.512,49.14,46.808,48.873,50.356,49.24
623,60.434,60.952,58.685,54.752,51.494,49.161,46.783,48.868,50.4,49.265
623.5,60.354,60.959,58.729,54.632,51.499,49.159,46.696,48.876,50.417,49.296
624,60.352,61.061,58.803,54.668,51.54,49.214,46.727,48.877,50.445,49.383
624.5,60.388,61.175,58.772,54.737,51.577,49.261,46.754,48.928,50.44,49.459
625,60.373,61.308,58.751,54.852,51.573,49.187,46.806,48.989,50.392,49.494
625.5,60.395,61.348,58.75,54.944,51.588,49.129,46.92,49.066,50.375,49.462
626,60.477,61.376,58.816,55.054,51.652,49.17,46.979,49.126,50.394,49.409
626.5,60.52,61.403,58.93,55.159,51.723,49.25,47.016,49.171,50.496,49.359
627,60.602,61.376,59.066,55.251,51.82,49.391,47.036,49.217,50.614,49.377
627.5,60.728,61.396,59.12,55.369,51.955,49.472,47.007,49.265,50.715,49.485
628,60.734,61.418,59.127,55.384,52.076,49.405,46.987,49.33,50.777,49.564
628.5,60.724,61.431,59.154,55.408,52.136,49.313,46.963,49.315,50.794,49.623
629,60.715,61.446,59.18,55.457,52.101,49.225,46.952,49.336,50.788,49.68
629.5,60.652,61.401,59.272,55.447,52.014,49.209,46.949,49.349,50.72,49.696
630,60.719,61.377,59.377,55.522,51.969,49.312,46.982,49.38,50.741,49.769
630.5,60.818,61.433,59.483,55.604,52.039,49.461,47.06,49.519,50.841,49.824
631,60.868,61.526,59.614,55.622,52.173,49.605,47.118,49.573,50.947,49.863
631.5,60.913,61.642,59.744,55.658,52.336,49.777,47.218,49.654,51.063,49.944
632,60.926,61.735,59.823,55.677,52.477,49.944,47.305,49.756,51.157,50.021
632.5,60.962,61.71,59.853,55.685,52.507,50.022,47.316,49.801,51.158,50.102
633,61.006,61.727,59.821,55.687,52.482,50.049,47.355,49.869,51.123,50.146
633.5,61.02,61.788,59.843,55.791,52.43,50.043,47.413,49.928,51.182,50.181
634,61.063,61.881,59.949,55.89,52.444,49.997,47.463,49.918,51.235,50.197
634.5,61.076,61.966,60.032,55.968,52.549,49.904,47.564,49.884,51.289,50.182
635,61.102,62.04,60.081,56.059,52.701,49.87,47.672,49.869,51.384,50.192
635.5,61.145,62.102,60.084,56.139,52.841,49.901,47.728,49.856,51.355,50.197
636,61.146,62.068,60.082,56.142,52.886,49.949,47.746,49.856,51.258,50.201
636.5,61.114,62.048,60.159,56.127,52.879,50.013,47.749,49.823,51.13,50.223
637,61.131,62.058,60.335,56.126,52.861,50.099,47.75,49.85,51.033,50.298
637.5,61.161,62.026,60.395,56.013,52.877,50.083,47.772,49.859,51.057,50.344
638,61.209,62.111,60.407,56.081,52.962,50.106,47.819,49.897,51.164,50.417
638.5,61.283,62.269,60.417,56.247,53.082,50.191,47.921,50.01,51.301,50.521
639,61.325,62.298,60.361,56.423,53.18,50.16,47.983,50.061,51.342,50.518
639.5,61.356,62.311,60.349,56.643,53.298,50.157,47.981,50.084,51.401,50.573
640,61.362,62.271,60.344,56.769,53.367,50.14,47.967,50.155,51.428,50.645
640.5,61.306,62.159,60.325,56.828,53.34,50.098,47.842,50.225,51.488,50.677
641,61.242,62.164,60.313,56.853,53.306,50.138,47.683,50.254,51.563,50.679
641.5,61.128,62.171,60.301,56.801,53.214,50.128,47.563,50.227,51.5,50.583
642,60.985,62.183,60.269,56.674,53.105,50.054,47.496,50.105,51.44,50.424
642.5,60.883,62.19,60.217,56.533,52.996,50.011,47.474,49.955,51.393,50.312
643,60.798,62.089,60.153,56.436,52.909,49.962,47.504,49.852,51.359,50.266
643.5,60.831,62.107,60.143,56.433,52.878,49.968,47.556,49.878,51.359,50.281
644,60.861,62.109,60.102,56.444,52.831,49.981,47.566,49.928,51.313,50.302
644.5,60.874,62.121,60.078,56.465,52.814,49.95,47.619,49.97,51.231,50.362
645,60.903,62.168,60.092,56.45,52.802,49.955,47.64,50.01,51.182,50.408
645.5,60.836,62.064,60.1,56.375,52.772,49.945,47.662,50.006,51.121,50.443
646,60.799,61.994,60.153,56.378,52.79,49.941,47.678,50.013,51.098,50.473
646.5,60.88,61.984,60.22,56.411,52.84,50.032,47.655,50.054,51.162,50.449
647,60.955,62.021,60.261,56.4,52.881,50.05,47.658,50.082,51.201,50.402
647.5,60.974,62.124,60.218,56.405,52.865,49.988,47.617,50.066,51.246,50.329
648,60.921,62.139,60.131,56.294,52.79,49.942,47.552,49.999,51.204,50.193
648.5,60.813,62.151,60.142,56.212,52.756,49.887,47.488,49.93,51.115,50.109
649,60.605,62.133,60.096,56.116,52.779,49.843,47.419,49.866,51.016,50.013
649.5,60.455,62.07,60.05,55.993,52.81,49.866,47.373,49.795,50.914,49.936
650,60.421,62.064,60.013,55.964,52.82,49.895,47.342,49.759,50.878,49.942
650.5,60.435,62.023,59.903,55.934,52.755,49.861,47.346,49.741,50.823,49.926
651,60.523,61.979,59.889,56.004,52.63,49.824,47.316,49.704,50.834,49.981
651.5,60.578,61.988,59.899,56.035,52.528,49.756,47.278,49.646,50.849,50.039
652,60.517,61.992,59.939,56.044,52.494,49.671,47.256,49.63,50.873,50.066
652.5,60.407,62.019,59.976,56.024,52.505,49.651,47.279,49.614,50.864,50.067
653,60.323,61.996,59.923,55.977,52.566,49.63,47.328,49.636,50.79,50.032
653.5,60.343,61.961,59.878,55.995,52.619,49.659,47.328,49.708,50.78,50.015
654,60.438,61.953,59.853,56.021,52.676,49.755,47.35,49.765,50.82,50.06
654.5,60.463,61.898,59.734,56.058,52.644,49.807,47.315,49.731,50.822,50.055
655,60.446,61.831,59.667,56.086,52.547,49.854,47.251,49.697,50.877,50.002
655.5,60.397,61.834,59.644,56.055,52.462,49.893,47.247,49.705,50.898,49.99
656,60.349,61.87,59.66,55.994,52.39,49.897,47.213,49.684,50.841,49.981
656.5,60.324,61.832,59.738,55.949,52.383,49.839,47.188,49.666,50.852,49.983
657,60.329,61.831,59.82,55.965,52.461,49.801,47.173,49.628,50.844,50.031
657.5,60.362,61.786,59.899,56.061,52.59,49.792,47.168,49.592,50.869,50.034
658,60.417,61.728,59.908,56.11,52.705,49.753,47.216,49.559,50.917,50.048
658.5,60.414,61.739,59.814,56.089,52.749,49.73,47.19,49.551,50.849,50.032
659,60.334,61.677,59.688,55.966,52.643,49.698,47.125,49.539,50.799,49.9
659.5,60.152,61.533,59.487,55.789,52.425,49.582,47.033,49.425,50.712,49.719
660,59.96,61.446,59.363,55.705,52.272,49.479,46.896,49.359,50.624,49.551
660.5,59.936,61.473,59.362,55.658,52.168,49.428,46.841,49.324,50.711,49.529
661,59.957,61.504,59.336,55.566,52.102,49.395,46.842,49.247,50.741,49.623
661.5,59.984,61.562,59.378,55.473,52.079,49.378,46.861,49.212,50.683,49.708
662,59.938,61.468,59.272,55.322,51.958,49.314,46.836,49.111,50.546,49.685
662.5,59.745,61.185,59.105,55.172,51.833,49.184,46.699,48.97,50.327,49.494
663,59.59,60.999,59.008,55.117,51.742,49.091,46.586,48.9,50.142,49.337
663.5,59.512,60.828,58.872,55.051,51.643,49.008,46.481,48.852,50.024,49.259
664,59.497,60.702,58.738,54.962,51.546,48.94,46.418,48.815,49.97,49.215
664.5,59.489,60.643,58.606,54.8,51.415,48.887,46.439,48.793,49.88,49.202
665,59.406,60.504,58.46,54.598,51.307,48.745,46.42,48.726,49.75,49.15
665.5,59.27,60.364,58.346,54.423,51.217,48.596,46.377,48.614,49.614,49.047
666,59.151,60.336,58.361,54.378,51.126,48.511,46.351,48.503,49.54,48.996
666.5,59.039,60.31,58.36,54.337,51.063,48.448,46.267,48.389,49.53,48.894
667,58.951,60.245,58.325,54.283,50.967,48.428,46.168,48.25,49.555,48.773
667.5,58.87,60.186,58.217,54.226,50.86,48.44,46.114,48.133,49.581,48.655
668,58.767,60.009,58.027,54.055,50.759,48.391,46.029,48.036,49.512,48.521
668.5,58.673,59.824,57.901,53.901,50.675,48.316,45.944,47.961,49.388,48.484
669,58.549,59.747,57.83,53.805,50.583,48.218,45.855,47.946,49.234,48.43
669.5,58.442,59.639,57.758,53.677,50.511,48.108,45.703,47.898,49.062,48.381
670,58.4,59.56,57.661,53.584,50.43,48.019,45.579,47.861,48.884,48.337
670.5,58.433,59.536,57.602,53.591,50.384,47.993,45.55,47.879,48.845,48.299
671,58.513,59.44,57.524,53.569,50.361,47.976,45.511,47.827,48.907,48.32
671.5,58.504,59.327,57.448,53.505,50.261,47.885,45.453,47.757,48.878,48.296
672,58.372,59.238,57.412,53.377,50.211,47.763,45.363,47.642,48.817,48.256
672.5,58.247,59.193,57.351,53.234,50.205,47.661,45.214,47.452,48.751,48.216
673,58.157,59.14,57.232,53.184,50.145,47.571,45.181,47.332,48.662,48.136
673.5,58.084,59.132,57.113,53.226,50.095,47.532,45.205,47.294,48.674,48.074
674,58.132,59.192,57.064,53.344,50.068,47.593,45.269,47.325,48.83,48.035
674.5,58.22,59.27,57.025,53.381,50.052,47.679,45.345,47.416,48.905,47.998
675,58.22,59.333,57.043,53.276,50.001,47.719,45.284,47.433,48.909,47.932
675.5,58.245,59.409,57.174,53.161,50.023,47.778,45.234,47.434,48.899,47.912
676,58.221,59.401,57.282,53.063,50.014,47.801,45.211,47.456,48.822,47.908
676.5,58.008,59.224,57.242,52.999,49.89,47.671,45.112,47.422,48.685,47.824
677,57.83,59.122,57.148,52.985,49.897,47.578,45.049,47.436,48.594,47.802
677.5,57.663,58.994,56.985,52.964,49.869,47.486,44.954,47.399,48.536,47.739
678,57.522,58.867,56.808,52.92,49.837,47.389,44.86,47.319,48.511,47.633
678.5,57.541,58.884,56.78,52.907,49.864,47.39,44.891,47.285,48.578,47.59
679,57.602,58.942,56.893,52.918,49.818,47.407,44.932,47.245,48.596,47.556
679.5,57.714,59.031,57.005,52.968,49.776,47.412,44.981,47.226,48.519,47.578
680,57.799,59.05,57.054,53.007,49.695,47.43,44.952,47.219,48.418,47.585
680.5,57.848,59.036,57.07,53.108,49.652,47.487,44.959,47.253,48.359,47.603
681,57.935,59.016,57.01,53.239,49.696,47.545,45.06,47.279,48.373,47.659
681.5,57.978,58.998,56.988,53.327,49.764,47.618,45.139,47.346,48.495,47.674
682,58.002,59.082,57.016,53.437,49.881,47.695,45.274,47.414,48.633,47.737
682.5,58.002,59.147,57.017,53.487,49.923,47.686,45.305,47.47,48.666,47.781
683,58.053,59.25,57.019,53.584,50.015,47.67,45.275,47.62,48.687,47.825
683.5,58.205,59.421,57.067,53.764,50.212,47.671,45.306,47.794,48.744,47.922
684,58.283,59.569,57.15,53.912,50.393,47.667,45.333,47.922,48.805,47.995
684.5,58.297,59.678,57.254,53.969,50.549,47.717,45.381,47.964,48.906,48.07
685,58.269,59.744,57.448,53.983,50.644,47.851,45.434,47.965,49.004,48.165
685.5,58.214,59.825,57.599,53.988,50.706,48.044,45.54,47.974,49.106,48.283
686,58.328,59.95,57.724,54.025,50.794,48.247,45.705,48.06,49.225,48.463
686.5,58.59,60.165,57.955,54.204,50.999,48.464,45.946,48.25,49.37,48.718
687,58.805,60.373,58.047,54.433,51.24,48.679,46.184,48.413,49.486,48.93
687.5,58.959,60.494,58.18,54.617,51.467,48.852,46.331,48.628,49.621,49.086
688,59.105,60.605,58.463,54.853,51.733,49.046,46.455,48.885,49.773,49.228
688.5,59.251,60.777,58.743,55.124,51.941,49.254,46.601,49.165,49.984,49.403
689,59.381,61.089,59.175,55.362,52.201,49.422,46.854,49.427,50.321,49.605
689.5,59.612,61.45,59.587,55.556,52.442,49.593,47.159,49.628,50.632,49.795
690,59.896,61.783,59.809,55.685,52.649,49.66,47.411,49.82,50.915,49.996
690.5,60.141,62.027,60.005,55.802,52.955,49.682,47.554,50.005,51.132,50.054
691,60.454,62.22,60.28,56.014,53.266,49.848,47.715,50.275,51.31,50.17
691.5,60.763,62.437,60.658,56.376,53.551,50.127,47.957,50.562,51.455,50.454
692,60.988,62.618,61.034,56.813,53.875,50.438,48.173,50.77,51.533,50.755
692.5,61.186,62.883,61.375,57.285,54.169,50.76,48.419,50.964,51.671,51.075
693,61.367,63.166,61.612,57.692,54.439,50.981,48.613,51.211,51.86,51.381
693.5,61.48,63.422,61.771,58.008,54.735,51.112,48.617,51.413,52.075,51.612
694,61.556,63.721,61.965,58.263,55.013,51.272,48.678,51.553,52.343,51.735
694.5,61.607,63.9,62.141,58.346,55.176,51.432,48.782,51.63,52.535,51.795
695,61.667,64.038,62.297,58.442,55.292,51.621,48.942,51.693,52.734,51.852
695.5,61.769,64.157,62.444,58.592,55.428,51.811,49.208,51.77,52.937,51.852
696,61.895,64.293,62.559,58.721,55.568,51.986,49.432,51.901,53.12,51.896
696.5,62.063,64.486,62.632,58.924,55.803,52.106,49.617,52.121,53.318,52.072
697,62.261,64.652,62.818,59.148,56.007,52.201,49.808,52.339,53.464,52.249
697.5,62.43,64.837,63.003,59.275,56.17,52.324,49.981,52.527,53.587,52.446
698,62.589,65.038,63.16,59.463,56.275,52.453,50.116,52.701,53.683,52.602
698.5,62.69,65.172,63.409,59.734,56.33,52.632,50.234,52.821,53.765,52.694
699,62.781,65.306,63.591,59.966,56.458,52.798,50.321,52.968,53.859,52.78
699.5,62.907,65.5,63.764,60.159,56.623,52.957,50.385,53.102,53.944,52.913
700,62.989,65.687,64.015,60.334,56.791,53.105,50.55,53.206,54.025,53.167
700.5,63.024,65.865,64.226,60.402,56.982,53.183,50.73,53.332,54.188,53.436
701,63.038,66.045,64.342,60.419,57.135,53.212,50.824,53.363,54.299,53.547
701.5,63.019,66.154,64.352,60.511,57.208,53.173,50.888,53.373,54.364,53.529
702,63.024,66.171,64.305,60.635,57.285,53.113,50.919,53.424,54.47,53.427
702.5,63.209,66.254,64.26,60.859,57.314,53.184,50.958,53.461,54.547,53.358
703,63.465,66.413,64.286,61.109,57.336,53.326,51.083,53.575,54.634,53.487
703.5,63.653,66.507,64.403,61.236,57.327,53.491,51.204,53.74,54.719,53.689
704,63.797,66.616,64.548,61.342,57.377,53.678,51.282,53.942,54.779,53.854
704.5,63.808,66.723,64.636,61.391,57.497,53.793,51.287,54.053,54.761,53.901
705,63.775,66.786,64.727,61.417,57.619,53.869,51.231,54.095,54.766,53.962
705.5,63.772,66.905,64.827,61.562,57.781,53.929,51.186,54.118,54.806,54.083
706,63.712,66.973,64.904,61.641,57.88,53.941,51.169,54.083,54.807,54.196
706.5,63.66,66.902,65.028,61.607,57.934,53.886,51.245,54.118,54.849,54.297
707,63.517,66.71,65.05,61.572,57.92,53.755,51.276,54.08,54.818,54.275
707.5,63.436,66.59,64.975,61.501,57.875,53.67,51.337,54.005,54.808,54.169
708,63.441,66.565,64.902,61.434,57.822,53.56,51.37,53.978,54.847,54.082
708.5,63.455,66.645,64.85,61.386,57.82,53.503,51.311,53.97,54.886,54.087
709,63.577,66.863,64.9,61.374,57.809,53.607,51.335,54.074,54.979,54.14
709.5,63.613,66.978,64.963,61.35,57.821,53.637,51.332,54.172,55.038,54.099
710,63.623,67.026,65.019,61.365,57.882,53.727,51.351,54.202,55.084,54.073
710.5,63.595,67.05,65.039,61.458,57.857,53.866,51.419,54.185,55.116,54.042
711,63.514,67.039,64.967,61.573,57.894,53.912,51.437,54.203,55.138,54.05
711.5,63.468,67.041,64.938,61.693,58.018,53.952,51.468,54.275,55.172,54.113
712,63.401,66.985,64.879,61.811,58.062,53.948,51.478,54.269,55.093,54.1
712.5,63.419,66.913,64.82,61.862,58.048,53.894,51.442,54.279,55.016,54.122
713,63.568,66.891,64.829,61.858,58.079,53.873,51.431,54.293,54.988,54.164
713.5,63.652,66.859,64.93,61.853,58.064,53.887,51.471,54.256,54.967,54.19
714,63.743,66.867,65.076,61.845,58.031,53.936,51.508,54.309,55.009,54.26
714.5,63.761,66.875,65.158,61.853,58.056,53.978,51.577,54.331,55.05,54.314
715,63.653,66.834,65.18,61.925,58.106,54,51.648,54.26,55.063,54.309
715.5,63.527,66.785,65.085,61.959,58.123,53.956,51.632,54.146,54.984,54.299
716,63.441,66.786,64.978,61.932,58.155,53.84,51.572,54.039,54.939,54.258
716.5,63.426,66.869,64.971,61.899,58.23,53.758,51.548,54.044,54.959,54.185
717,63.433,66.841,64.943,61.773,58.232,53.657,51.508,54.086,54.895,54.086
717.5,63.434,66.66,64.868,61.613,58.13,53.536,51.428,54.081,54.785,53.979
718,63.408,66.482,64.833,61.516,58.028,53.473,51.323,54.008,54.716,53.912
718.5,63.432,66.37,64.813,61.459,57.976,53.45,51.276,53.961,54.671,53.988
719,63.459,66.4,64.836,61.46,57.872,53.468,51.282,53.94,54.693,54.104
719.5,63.505,66.619,64.973,61.417,57.823,53.505,51.322,53.969,54.768,54.226
720,63.536,66.753,65.081,61.36,57.8,53.547,51.43,54.047,54.837,54.373
720.5,63.416,66.674,65.013,61.231,57.68,53.58,51.416,53.949,54.819,54.272
721,63.294,66.588,64.985,61.13,57.659,53.6,51.336,53.831,54.769,54.108
721.5,63.276,66.614,65.023,61.228,57.741,53.731,51.272,53.792,54.817,54.031
722,63.318,66.742,65.077,61.362,57.882,53.941,51.197,53.832,54.865,53.984
722.5,63.494,66.894,65.234,61.6,58.087,54.086,51.234,53.955,55.004,54.073
723,63.672,66.925,65.317,61.765,58.199,54.139,51.306,54.009,55.096,54.093
723.5,63.692,66.846,65.265,61.752,58.169,54.101,51.359,53.961,55.061,54.047
724,63.633,66.732,65.08,61.672,58.062,54.009,51.363,53.864,55.001,53.976
724.5,63.59,66.641,64.851,61.553,57.986,53.921,51.346,53.834,54.955,53.9
725,63.573,66.67,64.806,61.482,57.93,53.901,51.312,53.908,55.015,53.983
725.5,63.588,66.728,64.885,61.482,57.941,53.903,51.264,54.045,55.121,54.03
726,63.59,66.744,65.03,61.486,57.933,53.819,51.251,54.159,55.149,53.959
726.5,63.554,66.754,65.196,61.556,57.888,53.784,51.282,54.195,55.101,53.899
727,63.403,66.774,65.269,61.644,57.92,53.813,51.348,54.112,54.993,53.823
727.5,63.308,66.757,65.283,61.725,57.958,53.881,51.365,54.034,54.961,53.769
728,63.283,66.705,65.23,61.792,57.976,53.961,51.313,54.006,54.97,53.795
728.5,63.233,66.648,65.11,61.733,57.978,53.943,51.225,53.974,54.967,53.826
729,63.295,66.628,65.006,61.662,58.022,53.943,51.139,54.028,55,53.908
729.5,63.288,66.533,64.887,61.606,58.009,53.858,51.163,54.042,54.977,53.965
730,63.193,66.414,64.814,61.542,57.958,53.744,51.272,53.994,54.927,53.97
730.5,63.159,66.372,64.833,61.595,57.918,53.745,51.418,53.954,54.89,53.935
731,63.107,66.295,64.745,61.601,57.827,53.689,51.458,53.806,54.839,53.813
731.5,63.087,66.317,64.587,61.52,57.792,53.588,51.414,53.668,54.771,53.738
732,63.082,66.427,64.443,61.523,57.826,53.572,51.386,53.663,54.758,53.737
732.5,63.039,66.44,64.331,61.507,57.894,53.598,51.33,53.712,54.783,53.775
733,63.041,66.468,64.37,61.559,57.979,53.675,51.324,53.863,54.829,53.805
733.5,63.117,66.507,64.544,61.68,58.006,53.838,51.298,54.017,54.872,53.784
734,63.223,66.513,64.594,61.695,57.997,53.897,51.2,54.026,54.9,53.753
734.5,63.302,66.547,64.608,61.634,58.065,53.835,51.147,53.977,54.895,53.792
735,63.324,66.617,64.621,61.581,58.134,53.754,51.168,53.948,54.904,53.866
735.5,63.276,66.641,64.542,61.531,58.21,53.652,51.284,53.992,54.955,53.945
736,63.176,66.553,64.511,61.429,58.274,53.599,51.41,54.064,54.981,53.991
736.5,63.134,66.461,64.541,61.363,58.238,53.663,51.543,54.136,55.031,53.966
737,63.1,66.299,64.559,61.275,58.131,53.711,51.579,54.136,55.04,53.869
737.5,63.043,66.147,64.584,61.126,58.033,53.716,51.54,54.055,55.008,53.768
738,62.983,66.128,64.611,61.109,57.985,53.728,51.491,53.969,54.97,53.701
738.5,62.947,66.168,64.676,61.199,57.992,53.721,51.42,53.914,55.019,53.708
739,62.937,66.274,64.789,61.367,58.001,53.701,51.39,53.933,55.122,53.812
739.5,62.864,66.358,64.817,61.513,57.981,53.679,51.334,53.957,55.134,53.883
740,62.837,66.408,64.841,61.577,58.048,53.732,51.315,53.995,55.137,53.956
740.5,62.825,66.383,64.798,61.568,58.102,53.783,51.345,53.998,55.107,53.903
741,62.802,66.36,64.65,61.497,58.074,53.777,51.361,53.983,54.987,53.79
741.5,62.813,66.366,64.539,61.425,58.044,53.752,51.328,53.927,54.915,53.683
742,62.837,66.282,64.485,61.411,57.982,53.688,51.35,53.834,54.869,53.583
742.5,62.884,66.264,64.523,61.455,57.936,53.676,51.414,53.822,54.862,53.58
743,62.981,66.268,64.599,61.457,57.928,53.722,51.432,53.845,54.849,53.574
743.5,62.998,66.245,64.585,61.39,57.856,53.769,51.454,53.858,54.822,53.506
744,62.982,66.293,64.558,61.323,57.757,53.82,51.446,53.902,54.886,53.437
744.5,62.989,66.389,64.519,61.292,57.747,53.836,51.371,53.94,54.945,53.414
745,62.915,66.46,64.425,61.32,57.776,53.786,51.31,53.912,54.979,53.409
745.5,62.941,66.492,64.473,61.367,57.891,53.796,51.317,53.937,55.041,53.607
746,63.021,66.547,64.585,61.419,57.977,53.917,51.366,54.013,55.068,53.887
746.5,62.988,66.576,64.679,61.41,57.898,54.032,51.441,54.025,55.107,53.995
747,62.932,66.543,64.747,61.368,57.783,54.115,51.531,54.055,55.158,54.02
747.5,62.846,66.479,64.751,61.38,57.721,54.164,51.553,54.045,55.188,53.863
748,62.785,66.374,64.679,61.461,57.69,54.107,51.504,53.981,55.145,53.661
748.5,62.789,66.268,64.527,61.558,57.688,53.997,51.446,53.995,55.015,53.556
749,62.873,66.232,64.419,61.69,57.692,53.963,51.428,54.016,55.006,53.601
749.5,62.918,66.217,64.372,61.701,57.646,53.883,51.411,54.049,55.032,53.675
750,62.937,66.274,64.265,61.628,57.593,53.791,51.398,54.059,55.029,53.697
750.5,62.874,66.26,64.122,61.452,57.569,53.658,51.337,53.898,55.042,53.686
751,62.699,66.129,64.038,61.198,57.587,53.441,51.155,53.692,54.904,53.554
751.5,62.562,65.997,63.891,61.006,57.605,53.27,51.013,53.55,54.781,53.426
752,62.417,65.826,63.822,60.928,57.624,53.179,50.948,53.488,54.747,53.348
752.5,62.395,65.722,63.907,60.945,57.635,53.092,50.831,53.536,54.731,53.271
753,62.477,65.709,63.941,61.023,57.608,53.14,50.724,53.557,54.689,53.199
753.5,62.428,65.791,63.976,61.087,57.597,53.255,50.67,53.486,54.711,53.185
754,62.281,65.865,64.008,61.126,57.56,53.293,50.675,53.372,54.653,53.168
754.5,62.132,65.97,64.073,61.178,57.589,53.343,50.764,53.319,54.569,53.216
755,62.032,66.136,64.181,61.17,57.708,53.384,50.907,53.424,54.582,53.343
755.5,62.051,66.11,64.196,61.184,57.712,53.358,50.975,53.556,54.522,53.348
756,62.242,66.034,64.144,61.227,57.703,53.372,50.929,53.678,54.502,53.321
756.5,62.399,65.964,64.042,61.169,57.672,53.428,50.859,53.695,54.577,53.295
757,62.402,65.813,63.886,61.02,57.509,53.449,50.786,53.568,54.592,53.201
757.5,62.379,65.818,63.845,60.875,57.504,53.499,50.783,53.471,54.628,53.202
758,62.299,65.881,63.933,60.729,57.592,53.585,50.859,53.394,54.694,53.218
758.5,62.193,65.859,63.933,60.592,57.575,53.552,50.916,53.384,54.677,53.21
759,62.158,65.776,63.902,60.577,57.554,53.483,50.975,53.447,54.643,53.183
759.5,62.19,65.625,63.873,60.686,57.509,53.416,51.027,53.491,54.637,53.103
760,62.277,65.467,63.822,60.724,57.481,53.322,51,53.535,54.602,53.092
760.5,62.477,65.39,63.854,60.777,57.532,53.266,50.943,53.593,54.612,53.154
761,62.58,65.22,63.939,60.815,57.572,53.241,50.941,53.603,54.671,53.188
761.5,62.575,65.068,64.012,60.817,57.688,53.228,50.93,53.746,54.665,53.295
762,62.458,64.995,64.007,60.867,57.648,53.142,50.853,53.894,54.517,53.366
762.5,62.15,64.741,63.865,60.7,57.434,52.999,50.722,53.873,54.386,53.318
763,61.845,64.719,63.598,60.445,57.393,52.941,50.676,53.935,54.39,53.47
763.5,61.916,64.824,63.228,60.115,57.151,52.849,50.439,53.732,54.3,53.633
764,62.153,64.816,62.763,59.718,56.746,52.639,50.139,53.305,54.29,53.564
764.5,62.227,64.789,62.259,59.501,56.419,52.463,49.882,53.014,53.922,53.246
765,62.483,64.787,62.063,59.533,56.245,52.25,49.853,52.906,53.274,52.785
765.5,62.32,64.899,62.115,59.403,56.225,51.95,49.946,52.776,52.879,52.334
766,61.935,64.836,62.201,59.467,56.26,51.984,50,52.699,52.644,52.061
766.5,61.802,64.806,62.346,59.721,56.424,52.125,50.007,52.581,52.68,51.93
767,61.636,64.663,62.425,59.655,56.551,52.164,49.862,52.398,52.798,51.784
767.5,61.65,64.451,62.482,59.609,56.624,52.268,49.885,52.445,53.004,51.749
768,61.714,64.48,62.626,59.612,56.858,52.329,50.067,52.661,53.29,51.916
768.5,61.596,64.521,62.765,59.456,56.925,52.346,50.214,52.746,53.408,52.08
769,61.619,64.657,62.846,59.522,56.967,52.443,50.311,52.869,53.488,52.279
769.5,61.541,64.779,62.892,59.685,57.036,52.526,50.279,52.924,53.582,52.375
770,61.285,64.705,62.767,59.607,56.95,52.461,50.091,52.831,53.488,52.227
770.5,61.163,64.634,62.656,59.62,56.791,52.411,50.036,52.809,53.466,52.069
771,61.079,64.536,62.64,59.698,56.668,52.414,50.033,52.772,53.487,51.957
771.5,60.972,64.441,62.594,59.748,56.49,52.396,50.009,52.647,53.419,51.824
772,60.945,64.43,62.528,59.852,56.357,52.397,50.013,52.556,53.381,51.78
772.5,61.042,64.44,62.492,59.895,56.289,52.454,49.932,52.499,53.402,51.716
773,61.033,64.456,62.398,59.808,56.279,52.475,49.858,52.432,53.416,51.501
773.5,61.035,64.462,62.398,59.712,56.309,52.481,49.907,52.474,53.539,51.415
774,61.194,64.498,62.441,59.7,56.346,52.493,50.024,52.557,53.788,51.494
774.5,61.192,64.475,62.393,59.662,56.442,52.387,50.139,52.633,53.909,51.577
775,61.178,64.412,62.363,59.592,56.522,52.241,50.223,52.712,53.945,51.722
775.5,61.113,64.284,62.289,59.434,56.536,52.068,50.16,52.649,53.88,51.761
776,60.941,64.086,62.245,59.216,56.576,52.007,49.98,52.516,53.619,51.686
776.5,60.905,63.985,62.32,59.139,56.555,52.064,49.884,52.394,53.453,51.666
777,60.894,63.955,62.394,59.23,56.504,52.072,49.873,52.263,53.413,51.702
777.5,60.916,63.991,62.415,59.377,56.466,52.036,49.956,52.265,53.407,51.753
778,60.884,64.016,62.321,59.536,56.396,51.947,50.099,52.257,53.445,51.737
778.5,60.71,63.948,62.126,59.55,56.279,51.777,50.025,52.105,53.398,51.659
779,60.552,63.846,61.988,59.408,56.147,51.673,49.838,51.981,53.236,51.585
779.5,60.451,63.766,61.938,59.265,56.07,51.686,49.603,51.867,53.098,51.548
780,60.356,63.724,61.974,59.167,55.972,51.628,49.411,51.716,52.967,51.491
780.5,60.301,63.795,62.032,59.071,55.881,51.517,49.368,51.649,52.839,51.322
781,60.358,63.804,61.996,59.097,55.966,51.49,49.434,51.632,52.791,51.085
781.5,60.417,63.782,61.918,59.198,56.039,51.466,49.546,51.596,52.783,50.905
782,60.506,63.825,61.853,59.312,56.145,51.565,49.663,51.627,52.84,50.856
782.5,60.556,63.8,61.785,59.438,56.227,51.771,49.741,51.654,52.85,51.034
783,60.371,63.754,61.762,59.544,56.108,51.822,49.711,51.594,52.8,51.27
783.5,60.152,63.698,61.714,59.552,55.916,51.76,49.583,51.537,52.79,51.34
784,59.977,63.576,61.629,59.483,55.782,51.672,49.407,51.456,52.83,51.345
784.5,59.912,63.47,61.543,59.436,55.775,51.494,49.213,51.438,52.894,51.255
785,59.988,63.419,61.467,59.345,55.89,51.348,49.08,51.56,53.009,51.165
785.5,60.042,63.476,61.41,59.134,55.985,51.284,49.002,51.691,53.055,51.132
786,60.135,63.544,61.355,59.053,56.06,51.287,48.844,51.724,52.96,51.159
786.5,60.23,63.583,61.242,58.991,55.999,51.366,48.792,51.748,52.884,51.111
787,60.347,63.513,61.163,58.89,55.858,51.487,48.804,51.727,52.87,51.005
787.5,60.427,63.298,61.111,58.846,55.749,51.493,48.861,51.592,52.866,50.914
788,60.351,63.134,61.096,58.856,55.625,51.44,48.987,51.471,52.912,50.742
788.5,60.147,62.967,61.104,58.735,55.474,51.306,48.974,51.3,52.873,50.597
789,59.975,62.826,61.063,58.592,55.339,51.065,48.914,51.191,52.802,50.575
789.5,59.875,62.87,61.046,58.528,55.271,50.947,48.905,51.224,52.816,50.63
790,59.921,62.848,60.993,58.448,55.231,50.874,48.946,51.324,52.79,50.73
790.5,60.049,62.829,61.042,58.409,55.26,50.838,49.055,51.412,52.804,50.836
791,60.058,62.917,61.174,58.507,55.29,51.006,49.058,51.412,52.817,50.89
791.5,59.992,62.927,61.236,58.507,55.321,51.15,48.959,51.324,52.788,50.864
792,59.832,62.893,61.092,58.402,55.29,51.149,48.8,51.173,52.702,50.773
792.5,59.577,62.885,60.953,58.216,55.18,51.114,48.667,51.04,52.574,50.652
793,59.391,62.8,60.91,58.032,55.068,51.047,48.595,50.927,52.514,50.493
793.5,59.298,62.805,60.917,57.978,55.021,51.064,48.64,50.845,52.482,50.365
794,59.217,62.97,61.019,57.981,54.913,51.123,48.684,50.814,52.435,50.295
794.5,59.222,63.169,61.058,58.061,54.925,51.227,48.708,50.962,52.554,50.32
795,59.307,63.342,60.943,58.168,55,51.26,48.829,51.129,52.645,50.416
795.5,59.417,63.391,60.752,58.326,55.002,51.16,48.932,51.185,52.597,50.514
796,59.641,63.402,60.599,58.53,55.049,51.034,48.938,51.251,52.601,50.626
796.5,59.771,63.383,60.532,58.66,55.019,50.962,48.901,51.247,52.526,50.707
797,59.744,63.268,60.453,58.639,54.949,50.855,48.763,51.17,52.41,50.689
797.5,59.663,63.249,60.43,58.535,54.998,50.838,48.652,51.224,52.413,50.653
798,59.557,63.286,60.543,58.418,55.144,50.951,48.667,51.332,52.419,50.668
798.5,59.523,63.189,60.723,58.306,55.314,51.034,48.761,51.303,52.366,50.626
799,59.48,63.126,60.909,58.22,55.462,51.082,48.814,51.162,52.22,50.507
799.5,59.436,63.164,61.058,58.06,55.334,51.054,48.72,50.992,51.994,50.368
800,59.39,63.048,61.038,57.913,55.108,50.885,48.599,50.839,51.786,50.073
800.5,59.232,62.875,60.827,57.727,54.844,50.663,48.377,50.668,51.605,49.733
801,59.114,62.733,60.589,57.606,54.484,50.384,48.154,50.53,51.518,49.528
801.5,59.065,62.595,60.385,57.657,54.343,50.243,48.162,50.452,51.571,49.421
802,59.074,62.608,60.326,57.882,54.459,50.382,48.38,50.41,51.81,49.619
802.5,59.152,62.699,60.413,58.19,54.698,50.641,48.598,50.439,52.053,50.031
803,59.282,62.813,60.498,58.45,55.056,50.914,48.793,50.56,52.262,50.403
803.5,59.35,63.031,60.627,58.693,55.317,51.094,48.927,50.773,52.481,50.663
804,59.28,62.97,60.614,58.735,55.329,50.999,48.797,50.831,52.454,50.648
804.5,59.375,62.908,60.633,58.743,55.244,50.779,48.756,50.879,52.508,50.542
805,59.664,63.077,60.746,58.865,55.15,50.752,48.81,50.909,52.735,50.513
805.5,59.864,63.067,60.669,58.749,55.073,50.724,48.73,50.778,52.681,50.603
806,60.059,63.043,60.607,58.588,54.982,50.727,48.761,50.676,52.478,50.8
806.5,60.153,63.02,60.688,58.481,54.961,50.836,48.839,50.643,52.228,50.966
807,60.003,62.91,60.844,58.34,54.941,50.847,48.87,50.725,52.013,50.971
807.5,59.872,62.907,61.039,58.423,55.026,51.023,49.086,50.97,52.027,50.969
808,59.861,62.97,61.237,58.669,55.229,51.298,49.272,51.267,52.26,50.943
808.5,59.8,63.076,61.308,58.876,55.436,51.498,49.288,51.468,52.545,50.845
809,59.639,63.106,61.076,58.897,55.415,51.541,49.17,51.455,52.456,50.79
809.5,59.448,63.077,60.818,58.748,55.273,51.477,49.045,51.36,52.193,50.692
810,59.243,62.981,60.601,58.551,55.162,51.407,48.856,51.191,52.028,50.569
810.5,59.228,62.962,60.481,58.318,55.13,51.339,48.646,51.127,51.901,50.585
811,59.289,63.075,60.394,58.255,55.014,51.167,48.564,51.285,51.956,50.58
811.5,59.44,63.166,60.293,58.315,54.91,50.905,48.469,51.444,52.101,50.555
812,59.677,63.19,60.23,58.423,54.821,50.699,48.489,51.556,52.202,50.515
812.5,59.708,63.21,60.217,58.52,54.674,50.484,48.587,51.639,52.109,50.387
813,59.719,63.168,60.18,58.524,54.665,50.452,48.729,51.581,51.961,50.387
813.5,59.857,63.154,60.381,58.632,54.929,50.724,48.926,51.588,52.038,50.667
814,59.805,63.17,60.713,58.624,55.174,50.986,49.073,51.69,52.152,50.882
814.5,59.712,63.213,60.898,58.544,55.229,51.134,49.104,51.671,52.178,51.057
815,59.585,63.231,61.016,58.585,55.353,51.278,49.162,51.548,52.172,51.118
815.5,59.521,63.155,61.142,58.562,55.425,51.393,49.293,51.438,52.178,50.824
816,59.544,63.056,61.044,58.64,55.483,51.382,49.383,51.304,52.191,50.595
816.5,59.569,62.974,60.986,58.714,55.526,51.402,49.49,51.168,52.186,50.514
817,59.739,62.742,60.911,58.648,55.351,51.328,49.494,51.067,52.317,50.511
817.5,59.839,62.486,60.815,58.475,55.149,51.181,49.285,50.928,52.373,50.568
818,59.898,62.297,60.827,58.371,54.973,51.12,49.131,50.912,52.23,50.738
818.5,60.11,62.196,60.993,58.322,54.894,51.042,49.093,50.972,52.159,50.817
819,60.041,62.215,61.154,58.28,54.924,51.042,49.1,51.116,52.114,50.722
819.5,59.84,62.434,61.212,58.452,54.989,51.192,49.301,51.349,52.072,50.673
820,59.747,62.647,61.25,58.64,55.039,51.336,49.475,51.395,52.213,50.734
820.5,59.778,62.765,61.239,58.706,55.073,51.477,49.463,51.397,52.48,50.907
821,59.918,62.867,61.173,58.841,55.118,51.372,49.351,51.55,52.719,51.135
821.5,60.102,62.986,61.446,58.85,55.236,51.232,49.252,51.596,52.898,51.316
822,60.257,63.177,61.575,58.862,55.357,51.054,49.266,51.608,52.871,51.261
822.5,60.213,63.304,61.547,58.856,55.526,50.886,49.299,51.598,52.728,51.078
823,60.209,63.485,61.598,58.971,55.772,51.063,49.441,51.524,52.75,50.949
823.5,60.252,63.628,61.569,59.185,56.02,51.359,49.681,51.471,52.907,50.849
824,60.31,63.536,61.515,59.267,56.161,51.596,49.691,51.527,53.088,50.799
824.5,60.223,63.354,61.31,59.196,56.108,51.575,49.568,51.555,53.118,50.857
825,60.048,63.181,60.815,58.91,55.905,51.356,49.327,51.452,52.898,50.755
825.5,59.822,62.821,60.484,58.689,55.667,51.11,49.081,51.266,52.636,50.705
826,59.634,62.639,60.415,58.534,55.473,50.92,48.899,50.974,52.418,50.774
826.5,59.466,62.715,60.551,58.495,55.322,50.97,48.75,50.749,52.386,50.753
827,59.363,62.689,61.058,58.803,55.292,51.108,48.818,50.747,52.51,50.735
827.5,59.311,62.63,61.508,58.832,55.16,51.248,48.987,50.894,52.613,50.645
828,59.264,62.476,61.666,58.663,55.048,51.324,49.069,51.208,52.543,50.559
828.5,59.358,62.325,61.741,58.676,55.143,51.338,49.196,51.644,52.383,50.604
829,59.487,62.303,61.714,58.599,55.324,51.275,49.358,51.912,52.237,50.677
829.5,59.681,62.471,61.652,58.598,55.601,51.282,49.567,51.983,52.19,50.897
830,59.895,62.842,61.714,58.85,55.879,51.434,49.747,52.045,52.294,51.201
830.5,59.898,63.005,61.663,58.778,55.84,51.416,49.826,51.871,52.353,51.262
831,59.904,63.04,61.517,58.622,55.687,51.424,49.907,51.576,52.351,51.294
831.5,59.875,63.096,61.431,58.494,55.584,51.448,49.969,51.327,52.242,51.244
832,59.713,63.011,61.229,58.3,55.46,51.327,50.009,51.012,52.135,50.943
832.5,59.546,62.943,61.082,58.333,55.409,51.342,50.172,50.803,52.185,50.736
833,59.505,62.984,61.074,58.407,55.428,51.497,50.136,50.76,52.237,50.583
833.5,59.735,63.105,61.141,58.489,55.435,51.452,49.879,50.832,52.377,50.535
834,60.044,63.314,61.164,58.594,55.494,51.393,49.469,50.96,52.496,50.729
834.5,60.227,63.389,61.227,58.603,55.655,51.425,49.089,51.093,52.54,50.795
835,60.292,63.357,61.366,58.637,55.726,51.255,48.953,51.226,52.664,50.718
835.5,60.208,63.249,61.469,58.63,55.769,51.15,49.019,51.264,52.785,50.536
836,60.039,63.099,61.552,58.501,55.764,51.288,49.297,51.283,52.816,50.392
836.5,59.985,63.116,61.605,58.511,55.671,51.299,49.52,51.34,52.857,50.279
837,60.037,63.214,61.736,58.572,55.605,51.379,49.56,51.408,52.917,50.426
837.5,60.062,63.309,61.825,58.714,55.605,51.687,49.473,51.486,52.894,50.564
838,59.979,63.297,61.8,58.839,55.535,51.783,49.227,51.602,52.889,50.626
838.5,59.877,63.207,61.736,58.818,55.488,51.772,48.934,51.661,52.871,50.639
839,59.925,63.169,61.668,58.865,55.516,51.822,48.894,51.447,52.744,50.628
839.5,60.013,63.135,61.534,58.822,55.489,51.59,48.956,51.33,52.576,50.684
840,60.114,63.263,61.497,58.8,55.503,51.291,49.148,51.288,52.484,50.802
840.5,60.169,63.35,61.533,58.706,55.436,51.044,49.302,51.246,52.513,50.909
841,60.104,63.328,61.596,58.488,55.367,50.831,49.323,51.408,52.68,50.984
841.5,60.009,63.18,61.715,58.412,55.325,50.827,49.371,51.527,52.911,50.981
842,59.933,63.064,61.771,58.502,55.225,51.013,49.297,51.479,53.12,51.02
842.5,59.878,63.009,61.613,58.648,55.186,51.125,49.214,51.565,53.128,51.015
843,59.916,63.03,61.467,58.759,55.21,51.208,49.192,51.586,52.904,50.924
843.5,59.936,63.263,61.356,58.88,55.368,51.291,49.178,51.568,52.621,50.934
844,59.921,63.364,61.294,58.833,55.53,51.213,49.142,51.627,52.458,50.885
844.5,59.871,63.144,61.331,58.633,55.573,51.151,49.1,51.604,52.319,50.857
845,59.879,63.063,61.302,58.674,55.711,51.232,49.145,51.58,52.444,51.016
845.5,59.823,62.887,61.081,58.682,55.71,51.214,49.193,51.568,52.692,50.976
846,59.68,62.64,60.783,58.333,55.423,51.049,49.167,51.446,52.624,50.662
846.5,59.476,62.55,60.578,58.152,55.201,50.978,49.212,51.337,52.49,50.39
847,59.33,62.57,60.452,57.974,55.121,50.955,49.393,51.21,52.383,50.138
847.5,59.384,62.68,60.516,57.854,55.08,50.958,49.669,51.124,52.247,50.188
848,59.54,62.861,60.721,58.036,55.291,50.922,49.839,51.171,52.359,50.461
848.5,59.76,63.053,60.928,58.326,55.661,50.948,49.926,51.233,52.643,50.803
849,59.762,63.028,61.004,58.503,55.756,50.822,49.799,51.081,52.713,50.91
849.5,59.631,62.815,60.993,58.562,55.562,50.559,49.505,50.88,52.597,50.723
850,59.566,62.562,60.972,58.594,55.317,50.456,49.241,50.745,52.421,50.462
850.5,59.483,62.433,60.897,58.676,54.992,50.558,49.135,50.657,52.218,50.192
851,59.503,62.525,60.919,58.79,54.866,50.71,49.171,50.746,52.166,50
851.5,59.603,62.892,61.116,59.075,55.147,51.245,49.318,51.143,52.367,50.206
852,59.73,63.324,61.337,59.374,55.711,51.785,49.544,51.586,52.812,50.609
852.5,59.836,63.579,61.322,59.391,56.14,52.164,49.566,51.907,53.155,50.923
853,60.003,63.619,61.103,59.279,56.367,52.41,49.308,52.124,53.192,51.125
853.5,60.238,63.544,60.998,59.181,56.304,52.384,49.201,52.136,53.176,51.074
854,60.259,63.411,60.813,58.969,55.85,52.095,49.05,52.02,52.941,50.609
854.5,60.084,63.17,60.708,58.817,55.219,51.574,48.802,51.775,52.683,50.07
855,59.887,63.146,61.001,58.832,55.002,51.223,48.769,51.738,52.741,49.704
855.5,59.568,63.212,61.368,58.886,54.928,51.007,48.806,51.823,52.817,49.546
856,59.126,62.951,61.539,58.797,54.776,50.768,48.708,51.803,52.738,49.618
856.5,58.684,62.863,61.537,58.757,54.802,50.8,48.81,51.777,52.519,49.933
857,58.37,62.894,61.361,58.658,54.89,50.868,49.043,51.648,52.334,50.24
857.5,58.149,62.47,61.133,58.285,54.78,50.598,49.118,51.14,52.173,50.397
858,58.089,62.192,60.764,57.943,54.72,50.262,49.139,50.545,52.038,50.397
858.5,58.191,62.118,60.526,57.82,54.882,50.073,49.066,50.265,51.914,50.197
859,58.405,61.871,60.256,57.742,54.977,49.85,48.928,50.08,51.795,49.846
859.5,58.639,61.946,59.967,57.817,55.192,49.899,48.809,50.104,51.855,49.659
860,58.896,62.343,59.741,58.059,55.439,50.294,48.712,50.477,52.091,49.848
860.5,58.879,62.265,59.3,57.788,55.051,50.281,48.346,50.239,52.151,49.682
861,58.472,62.186,58.918,57.403,54.545,50.214,48.098,49.898,52.112,49.471
861.5,57.945,62.025,58.594,57.119,54.125,50.019,47.835,49.65,51.818,49.143
862,57.583,61.672,58.372,56.878,53.739,49.791,47.603,49.492,51.546,48.563
862.5,57.404,61.454,58.353,56.781,53.709,49.613,47.589,49.69,51.466,48.136
863,57.446,61.423,58.44,56.923,53.975,49.657,47.661,50.154,51.527,47.999
863.5,57.6,61.297,58.536,56.981,54.128,49.741,47.763,50.46,51.7,48.095
864,57.679,61.188,58.868,57.004,54.265,49.793,47.874,50.498,51.773,48.337
864.5,57.667,61.093,59.155,57.122,54.454,49.961,47.847,50.342,51.61,48.713
865,57.677,60.93,59.307,57.189,54.375,49.99,47.618,50.008,51.356,49.023
865.5,57.673,60.888,59.188,57.224,54.055,49.843,47.319,49.629,51.027,49.173
866,57.619,60.987,58.983,57.372,53.858,49.742,47.153,49.45,50.832,49.219
866.5,57.539,61.089,58.866,57.455,53.785,49.697,47.228,49.486,50.784,49.266
867,57.314,61.321,58.855,57.306,53.86,49.649,47.537,49.531,50.931,49.273
867.5,57.039,61.239,58.976,57.111,53.89,49.608,47.662,49.533,51.29,49.095
868,56.947,61.032,59.214,56.856,53.871,49.636,47.626,49.422,51.425,48.803
868.5,56.874,60.901,58.98,56.453,53.651,49.296,47.324,49.008,51.074,48.302
869,56.995,60.658,58.619,56.245,53.311,48.968,46.831,48.658,50.662,47.924
869.5,57.122,60.487,58.545,56.223,53.26,48.758,46.493,48.592,50.194,47.659
870,57.113,60.786,58.458,56.126,53.344,48.455,46.664,48.695,50.044,47.647
870.5,57.124,60.912,58.315,56.116,53.23,48.484,46.915,49.013,50.247,47.733
871,57.078,60.872,58.28,56.155,53.065,48.711,47.148,49.351,50.543,47.701
871.5,56.877,60.868,58.106,56.158,52.791,48.753,47.347,49.474,50.704,47.599
872,56.688,60.777,57.876,56.192,52.487,48.751,47.278,49.364,50.719,47.673
872.5,56.5,60.665,57.657,56.042,52.418,48.576,46.972,49.183,50.712,47.74
873,56.51,60.712,57.682,55.974,52.632,48.425,46.801,49.11,50.846,47.882
873.5,56.451,60.938,57.705,55.893,52.99,48.316,46.965,49.048,50.972,48.115
874,56.335,60.861,57.613,55.695,53.217,48.306,46.931,49.083,51.001,48.189
874.5,56.071,60.539,57.734,55.567,53.117,48.288,46.773,49.029,50.851,48.017
875,55.588,60.242,57.788,55.456,52.811,48.267,46.581,48.826,50.423,47.781
875.5,55.129,59.86,57.81,55.08,52.579,48.336,46.437,48.563,49.933,47.419
876,54.808,59.695,57.824,54.733,52.486,48.501,46.338,48.489,49.435,46.948
876.5,54.81,59.633,57.727,54.808,52.416,48.585,46.404,48.498,48.922,46.629
877,54.964,59.596,57.678,54.794,52.399,48.58,46.568,48.536,48.658,46.706
877.5,54.976,59.473,57.404,54.782,52.113,48.227,46.253,48.467,48.573,46.688
878,54.933,59.234,57.058,54.994,51.756,47.976,45.704,48.319,48.675,46.688
878.5,54.999,59.039,56.832,55.104,51.695,47.974,45.435,48.123,49.114,47.073
879,55.163,58.938,56.696,55.103,51.88,47.958,45.3,48.034,49.622,47.245
879.5,55.582,59.042,56.769,55.309,52.136,47.972,45.31,47.939,50.132,47.298
880,56.193,59.008,56.999,55.524,52.259,48.051,45.88,48.015,50.333,47.609
880.5,56.46,58.877,57.069,55.35,52.073,47.944,46.084,47.944,50.167,47.52
881,56.362,58.636,56.986,54.939,51.747,47.749,45.965,47.511,49.698,47.068
881.5,56.129,58.377,56.834,54.535,51.474,47.551,45.927,47.268,49.204,46.795
882,55.575,58.364,56.817,53.987,51.274,47.223,45.854,47.337,48.833,46.637
882.5,55.107,58.405,56.795,53.64,51.136,46.747,45.914,47.473,48.7,46.512
883,55,58.348,56.817,53.928,51.272,46.552,45.9,47.741,48.898,46.676
883.5,54.78,58.298,56.954,54.117,51.278,46.747,45.948,48.221,49.058,46.836
884,54.603,57.928,56.803,54.32,51.247,46.877,45.631,47.966,48.833,46.495
884.5,54.847,57.603,56.665,54.593,51.292,47.117,45.314,47.344,48.745,46.3
885,55.065,57.476,56.597,54.761,51.042,47.3,45.11,46.876,48.618,46.179
885.5,55.062,57.215,56.095,54.705,50.458,47.21,44.809,46.149,48.363,45.881
886,54.942,56.975,55.546,54.549,49.965,47.096,44.614,45.498,48.218,45.979
886.5,54.423,56.865,55.256,54.463,49.485,46.887,44.255,45.037,47.913,45.945
887,53.841,56.831,54.844,54.142,49.249,46.622,44.002,44.679,47.662,45.519
887.5,53.438,56.958,54.316,53.647,49.161,46.288,44.07,44.621,47.557,45.128
888,52.945,57.165,54.031,53.092,49.263,45.927,44.095,44.88,47.419,44.489
888.5,52.482,57.161,53.67,52.609,49.469,45.571,44.353,45.057,47.302,43.812
889,52.511,57.412,53.594,52.467,49.925,45.276,44.973,45.419,47.615,43.772
889.5,52.626,57.665,53.881,52.654,50.466,45.167,45.258,45.793,47.758,43.903
890,52.957,57.764,54.166,53.022,50.73,45.378,45.433,45.865,47.859,44.268
890.5,53.647,57.573,54.42,53.284,50.808,45.47,45.41,45.79,48.036,44.83
891,53.966,57.114,54.512,53.29,50.711,45.551,44.946,45.525,47.987,45.111
891.5,54.04,56.53,54.435,53.307,50.615,45.631,44.384,45.205,47.542,45.081
892,54.017,56.011,54.437,53.259,50.836,45.558,44.036,44.975,47.151,44.985
892.5,53.879,56.065,54.437,53.191,51.045,45.378,44.145,45.185,46.889,44.849
893,53.803,56.709,54.251,53.196,50.939,45.397,44.428,45.701,46.93,44.628
893.5,53.644,57.101,53.967,52.958,50.608,45.021,44.595,45.942,46.921,44.432
894,53.569,57.598,54.131,52.891,50.591,44.693,44.647,46.149,47.258,44.319
894.5,53.688,57.818,54.243,53.031,50.381,44.595,44.489,46.148,47.724,44.267
895,53.959,57.553,54.392,53.363,50.172,44.823,44.186,46.047,47.855,44.175
895.5,54.074,57.284,54.656,53.483,50.086,45.443,44.026,46.039,47.919,44.257
896,54.09,57.112,54.55,53.693,49.544,45.929,44.08,45.983,47.802,44.377
896.5,54.392,56.984,54.532,53.791,49.216,46.174,44.492,45.94,47.363,44.422
897,54.302,57.133,54.793,53.666,49.519,46.174,44.802,46.18,47.509,44.515
897.5,53.963,57.214,54.964,53.545,49.678,45.941,44.807,46.325,47.671,44.554
898,53.695,57.191,54.93,53.131,49.923,45.56,44.346,46.255,47.4,44.435
898.5,53.382,57.152,54.674,52.737,50.134,45.447,43.905,46.253,47.083,44.744
899,53.12,57.371,54.031,52.67,50.063,45.694,43.79,46.064,46.834,45.254
899.5,53.238,57.519,53.363,52.596,49.829,45.776,43.632,45.997,46.41,45.443
900,53.672,57.378,53.305,52.402,49.562,45.798,43.823,45.96,46.201,45.469
900.5,53.924,57.45,53.603,52.415,49.333,45.853,44.038,45.8,46.465,45.117
901,53.69,57.106,54.013,51.866,49.009,45.768,43.685,45.257,46.405,44.343
901.5,53.478,56.817,54.737,51.561,49.152,45.903,43.732,44.868,46.474,44.107
902,53.132,56.955,54.737,51.417,49.256,45.943,43.776,44.434,46.572,44.029
902.5,52.571,56.731,54.139,51.315,49.116,45.582,43.594,44.034,46.546,43.663
903,52.527,56.792,53.569,51.811,49.317,45.464,43.793,44.418,46.869,43.62
903.5,52.91,57.125,53.112,52.272,49.503,45.247,43.765,44.887,46.936,43.519
904,53.184,57.135,53.148,52.416,49.882,45.071,43.351,45.153,46.926,43.332
904.5,53.321,57.305,53.538,52.442,50.482,45.346,43.125,45.284,46.985,43.323
905,53.317,57.302,53.588,52.243,50.654,45.501,42.9,45.22,46.825,43.395
905.5,52.883,57.121,53.355,51.991,50.49,45.404,42.533,44.838,46.575,43.44
906,52.653,56.903,53.127,51.742,50.57,45.493,42.727,44.649,46.591,43.499
906.5,52.815,56.484,53.008,51.714,50.466,45.596,43.202,44.69,46.695,43.638
907,53.12,56.389,53.209,51.726,50.3,45.78,43.703,44.905,46.853,43.995
907.5,53.474,56.359,53.691,51.599,50.195,46.108,44.267,45.095,47.032,44.226
908,53.967,56.078,53.746,51.285,49.772,46.086,44.498,44.966,47.036,43.973
908.5,54.249,56.038,53.922,51.227,49.325,45.962,44.408,44.816,46.896,43.941
909,54.255,56.129,54.178,51.117,49.209,45.748,44.121,44.6,46.925,43.984
909.5,54.098,56.028,54.306,50.717,49.435,45.542,43.746,44.384,47.043,43.685
910,53.612,55.623,54.492,50.457,49.238,45.373,43.376,44.308,46.941,43.384
910.5,52.914,55.457,54.334,50.259,48.814,45.205,42.968,44.368,46.628,43.166
911,52.532,55.044,53.868,49.853,48.632,45.202,42.788,44.465,46.453,42.985
911.5,52.558,54.972,53.852,50.04,48.509,45.409,42.737,44.829,46.409,42.707
912,52.806,55.656,54.003,50.568,48.658,45.767,42.623,45.532,46.837,43.103
912.5,53.233,56.383,54.181,51.032,49.386,46.226,42.56,46.417,47.526,43.67
913,53.396,56.928,54.658,51.498,50.241,46.411,42.868,46.999,48.099,44.298
913.5,53.396,57.264,55.043,51.739,50.886,46.242,43.469,47.073,48.315,45.046
914,53.446,57.072,55.179,51.697,51.505,46.161,44.087,46.842,47.929,45.38
914.5,52.831,56.251,55.363,51.492,51.354,45.944,44.278,45.845,47.145,44.974
915,52.219,55.769,55.168,51.445,50.499,45.631,44.125,44.902,46.18,44.455
915.5,52.125,55.504,54.759,51.8,49.68,45.844,43.987,44.333,45.762,43.751
916,51.826,55.331,54.091,52.002,48.881,45.801,43.609,44.062,45.529,43.068
916.5,51.933,55.373,53.387,51.955,48.628,45.765,43.506,44.167,45.612,42.776
917,52.336,55.658,53.179,51.955,49.044,45.895,43.853,44.426,46.234,42.8
917.5,52.4,55.579,52.959,52.024,49.467,45.825,44.11,44.814,46.909,43.087
918,52.618,55.424,52.715,52.043,50.04,45.876,44.244,45.11,47.415,43.623
918.5,52.738,55.36,53.247,52.308,50.545,45.889,44.29,45.168,47.989,44.093
919,52.43,55.237,53.707,52.906,50.889,45.933,44.382,44.956,48.193,44.169
919.5,52.12,55.178,53.859,53.177,50.98,46.127,44.794,45.068,47.894,43.981
920,52.089,55.001,54.29,53.442,50.613,46.335,45.164,45.394,47.501,43.745
920.5,52.113,54.987,54.505,53.673,49.992,46.479,45.259,45.548,47.202,43.377
921,52.294,55.085,54.216,53.425,49.172,46.632,44.957,45.823,46.83,43.077
921.5,52.708,55.135,53.448,53.071,48.648,46.809,44.224,45.658,46.66,42.571
922,53.087,55.616,52.636,52.823,48.813,46.795,43.323,45.297,46.7,41.747
922.5,52.992,56.138,52.233,52.499,48.794,46.784,42.585,44.96,46.695,41.479
923,53.08,56.35,52.573,52.349,48.891,46.789,42.545,44.851,46.745,41.816
923.5,53.45,56.757,53.241,52.321,49.098,46.606,43.019,44.932,47.163,42.493
924,53.72,56.971,53.893,52.41,49.077,46.398,43.504,45.063,47.466,43.472
924.5,53.832,56.914,54.226,52.439,49.444,46.535,44.086,45.101,47.567,44.065
925,53.795,57.057,53.832,52.523,50.113,46.957,44.707,45.128,47.922,43.827
925.5,53.65,57.321,53.218,52.504,50.449,47.123,44.978,45.319,47.69,43.681
926,53.393,57.512,53.133,52.559,50.663,47.005,44.781,45.523,47.449,44.151
926.5,53.224,57.886,53.632,52.657,50.85,46.881,44.594,45.46,47.154,44.655
927,53.132,57.993,53.986,52.853,50.891,46.116,44.759,45.288,46.605,45.109
927.5,52.99,57.572,53.902,52.943,50.56,45.281,44.84,44.966,46.307,45.482
928,52.809,57.192,53.788,53.042,50.285,45.151,45.073,44.739,46.21,45.258
928.5,52.605,56.32,53.604,53.037,50.145,45.204,45.355,44.806,46.302,44.631
929,52.761,55.241,52.902,52.736,49.666,45.354,45.24,45.279,46.889,44.486
929.5,52.721,55.055,52.686,52.553,49.637,45.918,45.47,45.688,47.16,44.807
930,52.72,54.776,53.013,52.405,50.262,46.279,45.509,46.182,47.748,45.237
930.5,52.515,54.69,52.662,52.402,50.591,46.374,45.568,46.477,48.487,45.616
931,52.324,55.763,52.187,52.248,50.79,46.551,45.767,47.034,48.973,46.231
931.5,52.07,56.955,51.82,51.66,51.153,46.26,45.084,47.399,49.419,46.408
932,51.807,58.094,51.55,51.304,50.897,46.045,44.586,47.612,49.261,45.925
932.5,52.231,58.877,51.894,51.252,50.557,46.315,44.77,48.091,49.103,45.639
933,52.188,59.321,53.362,50.87,51.257,46.837,44.471,48.307,49.345,45.202
933.5,52.101,58.112,54.249,50.36,51.572,46.805,44.991,48.346,49.773,44.24
934,52.085,56.995,55.02,51.118,51.269,46.779,46.048,48.941,50.401,44.044
934.5,50.935,56.003,54.97,51.206,51.145,45.821,45.81,49.072,50.685,43.494
935,49.34,55.55,54.573,51.292,50.638,43.87,45.376,48.856,50.217,43.113
935.5,48.832,56.24,54.255,52.045,49.909,42.725,44.838,48.317,48.862,42.95
936,48.608,56.693,54.237,52.659,48.734,42.789,43.018,46.804,47.567,42.527
936.5,49.184,56.02,54.213,52.768,48.345,43.866,41.997,44.817,45.989,42.62
937,51.53,56.893,55.394,53.582,48.775,47.037,43.268,44.073,45.966,44.147
937.5,53.655,56.446,55.602,54.184,49.065,48.367,43.718,44.551,46.126,44.425
938,54.365,55.366,56.121,55.445,49.638,48.623,45.024,45.342,47.556,45.208
938.5,54.185,55.58,56.256,55.206,50.107,48.459,45.917,46.312,48.543,45.417
939,53.833,55.596,56.297,54.447,49.804,47.596,45.492,47.05,49.484,45.33
939.5,53.471,55.712,55.765,53.507,49.658,47.03,44.691,46.906,49.983,45.62
940,53.24,57.523,55.813,52.603,50,47.585,44.991,47.12,49.744,45.487
940.5,53.609,59.643,56.539,52.798,51.408,48.22,46.19,47.273,49.763,45.459
941,55.627,61.474,56.984,54.674,53.496,48.225,47.873,47.534,50.259,46.185
941.5,56.08,62.42,56.271,55.612,53.442,48.312,47.908,46.871,49.402,45.28
942,55.646,63.26,56.339,56.189,52.813,48.06,47.393,46.392,48.61,44.535
942.5,54.888,62.841,55.404,55.871,51.464,47.872,45.517,45.879,47.81,43.454
943,53.835,61.99,54.477,54.449,49.313,47.914,43.651,45.528,46.863,41.778
943.5,52.674,61.533,55.338,53.176,48.277,47.975,43.332,46.005,46.551,41.496
944,52.018,59.68,55.057,52.786,48.35,48.133,43.453,46.457,46.373,41.681
944.5,52.726,57.929,54.39,52.556,48.496,48.477,43.252,46.497,46.045,42.267
945,53.613,57.018,54.625,52.434,49.779,47.703,42.861,46.203,45.482,43.863
945.5,54.228,56.899,54.838,51.944,50.702,46.351,42.356,45.782,44.52,45.43
946,54.679,56.769,54.109,51.187,49.883,44.861,42.117,44.792,43.678,45.236
946.5,54.886,56.573,53.657,49.638,48.335,43.089,42.442,43.192,43.295,44.629
947,54.373,55.926,52.956,48.42,47.088,41.85,43.158,41.928,43.277,43.984
947.5,52.856,54.305,51.149,47.813,44.93,41.222,43.744,41.461,43.476,42.615
948,52.274,54.423,50.76,47.732,45.109,41.789,45.395,43.587,44.723,42.894
948.5,52.324,55.774,50.669,47.393,46.861,42.661,46.184,45.512,45.578,43.566
949,52.663,56.57,51.428,47.273,48.745,43.87,46.996,46.612,46.704,44.653
949.5,53.649,57.71,52.218,47.519,50.541,44.533,46.875,47.429,47.716,46.288
950,54.367,57.351,52.784,48.272,51.726,45.095,46.633,47.041,48.56,46.715
950.5,54.674,55.753,52.761,48.443,51.444,45.137,46.435,45.551,49.06,46.255
951,55.581,54.846,53.176,49.293,51.68,45.438,46.614,45.503,49.246,46.172
951.5,55.615,54.357,52.907,49.636,51.102,46.282,46.63,45.902,49.426,45.343
952,54.311,54.349,52.781,49.265,49.668,47.093,46.083,46.511,49.54,44.813
952.5,52.976,55.476,52.962,49.922,48.573,47.088,44.338,47.346,49.266,45.229
953,50.779,56.13,52.373,50.25,47.64,46.634,42.244,46.556,49.47,43.832
953.5,50.238,56.082,51.309,51.48,46.858,47.114,42.194,46.053,50.277,42.428
954,50.507,56.636,50.518,52.804,46.933,47.439,42.584,45.294,49.949,41.296
954.5,51.734,57.273,49.731,53.01,47.867,48.102,42.603,43.647,50.138,40.155
955,53.436,58.076,49.8,53.241,48.905,49.455,43.254,43.242,49.896,40.313
955.5,53.72,57.855,51.762,52.879,49.758,49.33,43.604,44.145,49.11,41.844
956,52.929,57.5,54.089,51.37,50.117,47.944,43.903,44.906,49.087,42.443
956.5,53.699,56.878,56.238,50.46,51.459,47.886,44.269,45.859,48.086,42.3
957,53.983,55.768,56.989,49.886,52.053,46.846,43.72,46.781,46.513,41.96
957.5,53.087,54.716,56.258,49.257,51.487,45.501,42.552,46.098,45.13,41.099
958,52.677,54.601,54.158,48.943,51.478,45.411,41.042,45.255,45.121,40.775
958.5,51.579,54.444,51.578,48.763,51.868,45.4,39.37,44.76,45.368,41.484
959,49.894,55.078,49.732,48.709,51.481,44.967,38.664,44.879,45.747,41.772
959.5,50.097,55.752,49.475,48.985,51.817,45.611,38.427,46.015,46.44,42.148
960,50.977,56.138,49.397,49.057,51.658,46.653,37.641,46.466,46.162,43.139
960.5,52.291,56.31,50.162,49.84,50.297,46.77,38.578,46.776,44.518,42.906
961,54.159,54.116,50.647,51.188,49.891,45.795,39.434,46.311,43.54,42.176
961.5,54.277,51.851,50.657,51.403,48.497,44.161,40.139,45.047,42.566,41.449
962,54.197,51.832,51.444,51.766,47.751,43.125,41.569,44.162,43.203,40.366
962.5,54.208,53.3,53.029,52.213,48.292,42.434,43.529,45.008,44.389,39.44
963,53.997,55.05,54.208,51.651,47.877,42.139,44.56,45.885,46.066,39.94
963.5,54.353,57.359,55.433,51.254,47.341,43.084,45.377,47.045,46.816,41.533
964,55.161,58.834,56.519,50.858,47.47,44.66,46.711,48.641,46.787,43.828
964.5,55.244,57.045,56.219,50.075,47.383,46.209,47.207,49.631,46.8,45.138
965,54.267,55.52,55.833,49.76,47.193,47.088,46.358,48.36,46.743,44.698
965.5,52.944,55.013,56.02,49.717,48.467,48.785,46.445,48.149,46.551,44.752
966,50.255,53.367,55.672,49.03,49.422,49.523,46.144,46.482,46.596,43.892
966.5,47.774,52.149,54.339,48.673,50.379,49.369,44.831,44.42,45.355,42.846
967,47.226,51.771,52.431,48.179,50.347,48.567,43.666,42.871,44.168,42.771
967.5,47.737,51.209,50.78,48.038,50.423,46.99,42.363,41.931,44.125,42.517
968,48.314,51.515,48.662,49.192,50.466,45.082,41.006,41.008,44.242,41.131
968.5,49.908,52.836,47.641,50.545,48.937,43.67,40.34,40.9,45.481,39.887
969,50.853,53.546,48.025,50.479,47.388,41.821,39.609,40.047,47.241,38.645
969.5,50.611,53.791,49.58,49.483,47.021,41.014,40.304,40.665,47.073,38.639
970,49.888,53.699,51.301,48.259,45.99,40.886,41.666,40.926,46.685,38.81
970.5,49.937,53.134,53.718,47.145,46.102,41.068,42.676,42.904,47.461,40.636
971,49.898,52.393,54.659,46.919,47.179,41.604,44.001,45.105,47.878,42.42
971.5,50.51,52.363,54.688,48.678,49.154,43.242,45.446,47.227,48.881,43.662
972,51.723,52.416,54.29,50.393,50.504,44.559,45.676,48.421,50.398,44.258
972.5,52.422,52.337,52.767,50.869,50.469,44.526,44.754,48.045,50.679,43.833
973,52.169,52.558,51.326,51.177,50.596,43.834,43.561,46.924,50.323,42.466
973.5,51.563,53.478,51.021,49.88,50.019,42.447,41.926,45.505,48.718,41.211
974,50.955,53.274,50.606,47.888,47.919,39.696,39.716,43.402,46.758,39.863
974.5,51.086,52.907,50.182,46.758,47.342,38.772,38.923,41.73,45.097,38.999
975,51.672,53.162,49.976,46.303,48.437,39.234,39.797,40.515,44.225,39.115
975.5,52.015,53.832,50.332,46.762,49.221,40.589,40.853,40.035,44.426,39.341
976,51.02,54.738,49.884,48.794,49.623,41.804,41.644,39.338,45.246,38.941
976.5,49.268,55.727,48.321,49.696,49.344,41.873,41.958,38.697,45.014,38.109
977,48.056,55.639,47.324,49.174,48.604,42.505,40.955,38.726,44.567,37.54
977.5,47.63,54.625,45.475,49.452,47.761,42.91,38.859,37.695,44.163,36.367
978,47.14,53.474,43.514,48.76,45.271,41.547,37.026,36.164,41.745,35.616
978.5,49.057,53.035,43.938,47.207,44.882,42.256,36.253,37.221,41.492,36.813
979,50.592,52.963,44.847,47.148,44.848,42.57,36.265,39.812,42.179,38.163
979.5,51.591,53.277,46.549,47.025,45.02,41.53,37.83,41.614,42.495,39.81
980,51.676,52.715,48.624,46.346,45.76,41.684,38.813,42.859,42.882,41.941
980.5,50.908,51.765,50.784,46.269,46.624,42.09,39.549,43.79,43.477,42.813
981,50.16,51.774,52.203,47.887,47.178,42.327,41.193,43.804,44.135,43.121
981.5,48.784,52.091,52.074,49.655,47.205,42.836,41.636,42.086,43.97,42.479
982,47.866,52.351,51.161,49.884,47.579,42.604,41.589,42.003,43.636,41.232
982.5,49.014,54.336,50.138,51.551,48.824,41.372,42.72,42.708,45.715,41.484
983,49.14,54.641,47.592,51.451,48.568,40.013,42.568,41.155,46.594,41.777
983.5,49.304,53.658,47.254,49.495,48.379,39.287,42.196,40.123,46.285,41.654
984,49.038,52.04,47.18,47.392,46.79,37.814,41.402,40.07,45.866,40.496
984.5,48.473,50.455,45.847,44.925,44.615,36.648,40.18,39.229,44.392,38.87
985,48.077,48.726,44.866,42.531,42.553,36.254,39.003,38.948,41.627,37.074
985.5,46.767,48.212,44.562,40.637,41.276,36.436,37.77,38.921,40.205,35.712
986,45.452,49.021,43.682,40.541,41.179,37.502,36.592,38.441,40.368,36.721
986.5,44.301,49.599,42.914,40.607,39.694,38.216,36.131,37.13,40.775,36.45
987,43.456,50.932,43.703,41.448,38.607,39.109,35.934,35.95,41.237,36.453
987.5,43.416,52.839,44.746,42.419,38.915,39.77,35.954,34.914,42.04,36.349
988,43.829,53.901,44.538,43.264,38.689,39.596,36.38,35.391,42.009,35.327
988.5,44.136,55.621,44.819,43.193,40.053,39.992,38.082,36.568,42.132,33.864
989,43.508,55.116,44.891,42.08,42.716,38.91,38.022,37.297,42.043,32.71
989.5,42.216,53.114,44.448,40.714,43.627,38.369,36.837,38.243,41.781,32.345
990,41.356,51.319,45.236,40.607,43.618,38.342,37.264,38.464,41.473,33.768
990.5,41.566,49.067,46.445,41.518,45.006,38.554,37.998,38.339,41.133,36.666
991,41.977,47.739,45.945,42.208,44.637,39.653,38.014,39.493,41.372,39.414
991.5,43.554,48.46,46.557,44.284,45.377,42.193,40.012,41.57,42.758,41.555
992,44.104,49.367,45.745,44.773,46.55,41.936,40.365,42.713,43.065,41.471
992.5,44.399,50.391,44.538,44.732,46.968,40.702,39.786,43.868,43.895,40.803
993,43.661,50.455,43.939,44.229,46.005,39.358,40.257,43.858,43.687,40.068
993.5,42.951,50.483,43.562,44.34,44.502,37.991,40.872,43.338,41.806,39.509
994,42.626,49.82,42.596,44.593,42.171,36.864,40.414,42.861,40.582,38.465
994.5,44.377,49.154,42.667,44.419,41.314,37.92,40.584,42.813,41.082,37.899
995,47.75,48.729,44.376,45.191,41.826,38.434,39.347,43.138,42.334,36.773
995.5,49.766,48.222,48.239,45.559,42.174,38.438,37.426,41.827,44.698,36.409
996,51.894,49.074,50.912,45.591,43.667,39.927,38.396,42.392,47.329,38.091
996.5,52.226,49.929,50.972,45.371,45.727,39.374,40.094,42.196,47.061,39.347
997,49.467,48.61,47.562,44.262,45.401,37.636,39.011,40.137,44.436,37.974
997.5,46.501,47.353,42.984,42.613,44.169,35.761,38.634,38.88,41.884,36.416
998,43.941,46.13,38.992,41.487,43.455,33.728,38.163,37.612,39.149,34.352
998.5,41.574,43.644,38.538,39.556,42.509,33.045,36.908,36.233,38.089,33.45
999,40.938,43.301,41.558,38.939,41.361,34.728,36.316,37.944,39.268,35.546
999.5,41.919,45.955,45.518,41.204,41.83,39.071,38.21,41.351,41.591,38.059
1000,42.725,47.238,47.323,43.152,42.809,44.938,41.29,44.587,43.672,39.789